"","fam_or_test","experiment","subject_num","block_num","test_type","fam_duration","LT","exclude","age","sex"
"1","test","A","PKBB_01",1,"fam","0",25.377,FALSE,312,"F"
"2","test","A","PKBB_01",3,"fam","0",12.482,FALSE,312,"F"
"3","test","A","PKBB_01",2,"fam","4",40.1521,FALSE,312,"F"
"4","test","A","PKBB_01",4,"nov","4",9.134,FALSE,312,"F"
"5","test","A","PKBB_01",5,"nov","8",8.51820000000001,FALSE,312,"F"
"6","test","A","PKBB_01",6,"fam","8",-8.07259999999998,TRUE,312,"F"
"7","test","A","PKBB_02",3,"fam","0",8.99000000000001,FALSE,316,"F"
"8","test","A","PKBB_02",5,"fam","0",2.418,FALSE,316,"F"
"9","test","A","PKBB_02",1,"fam","4",28.1011,FALSE,316,"F"
"10","test","A","PKBB_02",2,"nov","4",21.6371,FALSE,316,"F"
"11","test","A","PKBB_02",4,"fam","8",5.70709999999998,FALSE,316,"F"
"12","test","A","PKBB_02",6,"nov","8",8.53550000000001,FALSE,316,"F"
"13","test","A","PKBB_03",5,"fam","0",10.148,FALSE,316,"F"
"14","test","A","PKBB_03",6,"fam","0",18.7936,FALSE,316,"F"
"15","test","A","PKBB_03",1,"nov","4",21.0792,FALSE,316,"F"
"16","test","A","PKBB_03",3,"fam","4",15.3697,FALSE,316,"F"
"17","test","A","PKBB_03",2,"fam","8",11.2524,FALSE,316,"F"
"18","test","A","PKBB_03",4,"nov","8",13.5712,FALSE,316,"F"
"19","test","A","PKBB_05",2,"fam","0",0.06,TRUE,275," M"
"20","test","A","PKBB_05",4,"fam","0",27.9529,FALSE,275," M"
"21","test","A","PKBB_05",5,"nov","4",4.025,FALSE,275," M"
"22","test","A","PKBB_05",6,"fam","4",1.522,TRUE,275," M"
"23","test","A","PKBB_05",1,"nov","8",-39.94,TRUE,275," M"
"24","test","A","PKBB_05",3,"fam","8",13.118,FALSE,275," M"
"25","test","A","PKBB_06",2,"fam","0",23.3107,FALSE,275,"F"
"26","test","A","PKBB_06",4,"fam","0",8.03,FALSE,275,"F"
"27","test","A","PKBB_06",5,"nov","4",-2.95570000000001,TRUE,275,"F"
"28","test","A","PKBB_06",6,"fam","4",1.646,TRUE,275,"F"
"29","test","A","PKBB_06",1,"nov","8",44.2478,FALSE,275,"F"
"30","test","A","PKBB_06",3,"fam","8",6.39,FALSE,275,"F"
"31","test","A","PKBB_07",2,"fam","0",23.6762,FALSE,320,"M"
"32","test","A","PKBB_07",4,"fam","0",7.359,FALSE,320,"M"
"33","test","A","PKBB_07",5,"nov","4",9.44459999999998,FALSE,320,"M"
"34","test","A","PKBB_07",6,"fam","4",10.3107,FALSE,320,"M"
"35","test","A","PKBB_07",1,"nov","8",18.0645,FALSE,320,"M"
"36","test","A","PKBB_07",3,"fam","8",4.0356,FALSE,320,"M"
"37","test","A","PKBB_08",1,"fam","0",35.418,FALSE,273,"M"
"38","test","A","PKBB_08",2,"fam","0",24.8166000000239,FALSE,273,"M"
"39","test","A","PKBB_08",4,"fam","4",32.3438999999762,FALSE,273,"M"
"40","test","A","PKBB_08",6,"nov","4",13.5763999999762,FALSE,273,"M"
"41","test","A","PKBB_08",3,"nov","8",36.0282999999523,FALSE,273,"M"
"42","test","A","PKBB_08",5,"fam","8",42.9038000000715,FALSE,273,"M"
"43","test","A","PKBB_09",1,"fam","0",9.23000000000001,FALSE,283,"M"
"44","test","A","PKBB_09",3,"fam","0",11.0238000000716,FALSE,283,"M"
"45","test","A","PKBB_09",2,"fam","4",8.47920000004766,FALSE,283,"M"
"46","test","A","PKBB_09",4,"nov","4",10.439,FALSE,283,"M"
"47","test","A","PKBB_09",5,"nov","8",4.40989999997616,FALSE,283,"M"
"48","test","A","PKBB_09",6,"fam","8",4.58810000002384,FALSE,283,"M"
"49","test","A","PKBB_10",3,"fam","0",18.1576000000238,FALSE,323,"M"
"50","test","A","PKBB_10",5,"fam","0",7.80819999992854,TRUE,323,"M"
"51","test","A","PKBB_10",1,"fam","4",11.8637000000477,FALSE,323,"M"
"52","test","A","PKBB_10",2,"nov","4",18.0473000000716,FALSE,323,"M"
"53","test","A","PKBB_10",4,"fam","8",-4.06219999992853,TRUE,323,"M"
"54","test","A","PKBB_10",6,"nov","8",-9.443,TRUE,323,"M"
"55","test","A","PKBB_11",5,"fam","0",16.978,FALSE,274,"F"
"56","test","A","PKBB_11",6,"fam","0",29.3997999999523,FALSE,274,"F"
"57","test","A","PKBB_11",1,"nov","4",31.1823999999761,FALSE,274,"F"
"58","test","A","PKBB_11",3,"fam","4",-19.94,TRUE,274,"F"
"59","test","A","PKBB_11",2,"fam","8",17.2389000000953,FALSE,274,"F"
"60","test","A","PKBB_11",4,"nov","8",24.9791000000238,FALSE,274,"F"
"61","test","A","PKBB_12",1,"fam","0",5.99,FALSE,322,"F"
"62","test","A","PKBB_12",2,"fam","0",34.5711999998093,FALSE,322,"F"
"63","test","A","PKBB_12",4,"fam","4",7.74159999990469,FALSE,322,"F"
"64","test","A","PKBB_12",6,"nov","4",18.798,FALSE,322,"F"
"65","test","A","PKBB_12",3,"nov","8",0.296000000000001,TRUE,322,"F"
"66","test","A","PKBB_12",5,"fam","8",23.3727000000477,FALSE,322,"F"
"67","test","A","PKBB_13",5,"fam","0",7.356,TRUE,236,"F"
"68","test","A","PKBB_13",6,"fam","0",2.241,TRUE,236,"F"
"69","test","A","PKBB_13",1,"nov","4",8.54509999999404,TRUE,236,"F"
"70","test","A","PKBB_13",3,"fam","4",-19.94,TRUE,236,"F"
"71","test","A","PKBB_13",2,"fam","8",3.454,TRUE,236,"F"
"72","test","A","PKBB_13",4,"nov","8",4.798,TRUE,236,"F"
"73","test","A","PKBB_14",4,"fam","0",17.293,FALSE,296,"M"
"74","test","A","PKBB_14",6,"fam","0",7.352,FALSE,296,"M"
"75","test","A","PKBB_14",3,"nov","4",6.789,FALSE,296,"M"
"76","test","A","PKBB_14",5,"fam","4",2.55859999999963,FALSE,296,"M"
"77","test","A","PKBB_14",1,"fam","8",9.35279999999891,FALSE,296,"M"
"78","test","A","PKBB_14",2,"nov","8",25.01,FALSE,296,"M"
"79","test","A","PKBB_15",5,"fam","0",0.06,TRUE,323,"M"
"80","test","A","PKBB_15",6,"fam","0",8.75500000000001,FALSE,323,"M"
"81","test","A","PKBB_15",1,"nov","4",10.15,TRUE,323,"M"
"82","test","A","PKBB_15",3,"fam","4",13.843,TRUE,323,"M"
"83","test","A","PKBB_15",2,"fam","8",4.593,TRUE,323,"M"
"84","test","A","PKBB_15",4,"nov","8",-39.94,TRUE,323,"M"
"85","test","A","PKBB_16",3,"fam","0",0.06,TRUE,254,"F"
"86","test","A","PKBB_16",5,"fam","0",26.267,FALSE,254,"F"
"87","test","A","PKBB_16",1,"fam","4",35.1980999999941,FALSE,254,"F"
"88","test","A","PKBB_16",2,"nov","4",3.313,FALSE,254,"F"
"89","test","A","PKBB_16",4,"fam","8",28.776700000003,FALSE,254,"F"
"90","test","A","PKBB_16",6,"nov","8",31.455799999997,FALSE,254,"F"
"91","test","A","PKBB_17",1,"fam","0",45.7703000000119,FALSE,334,"F"
"92","test","A","PKBB_17",2,"fam","0",20.506099999994,FALSE,334,"F"
"93","test","A","PKBB_17",4,"fam","4",21.09,FALSE,334,"F"
"94","test","A","PKBB_17",6,"nov","4",22.6763000000119,FALSE,334,"F"
"95","test","A","PKBB_17",3,"nov","8",13.9,FALSE,334,"F"
"96","test","A","PKBB_17",5,"fam","8",8.44350000000001,FALSE,334,"F"
"97","test","A","PKBB_18",4,"fam","0",18.305,FALSE,274,"M"
"98","test","A","PKBB_18",6,"fam","0",11.452,FALSE,274,"M"
"99","test","A","PKBB_18",3,"nov","4",23.6786999999881,FALSE,274,"M"
"100","test","A","PKBB_18",5,"fam","4",47.704900000006,FALSE,274,"M"
"101","test","A","PKBB_18",1,"fam","8",20.849400000006,FALSE,274,"M"
"102","test","A","PKBB_18",2,"nov","8",15.727,FALSE,274,"M"
"103","test","A","PKBB_19",4,"fam","0",1.223,TRUE,336,"F"
"104","test","A","PKBB_19",6,"fam","0",4.9995,FALSE,336,"F"
"105","test","A","PKBB_19",3,"nov","4",13.854,FALSE,336,"F"
"106","test","A","PKBB_19",5,"fam","4",0.299000000000003,TRUE,336,"F"
"107","test","A","PKBB_19",1,"fam","8",11.11,FALSE,336,"F"
"108","test","A","PKBB_19",2,"nov","8",8.727,FALSE,336,"F"
"109","test","A","PKBB_20",3,"fam","0",14.029,FALSE,310,"M"
"110","test","A","PKBB_20",5,"fam","0",22.4426999999881,FALSE,310,"M"
"111","test","A","PKBB_20",1,"fam","4",27.87,FALSE,310,"M"
"112","test","A","PKBB_20",2,"nov","4",27.689,FALSE,310,"M"
"113","test","A","PKBB_20",4,"fam","8",10.689,FALSE,310,"M"
"114","test","A","PKBB_20",6,"nov","8",11.4033999999762,FALSE,310,"M"
"115","test","A","PKBB_21",1,"fam","0",15.15,FALSE,308,"F"
"116","test","A","PKBB_21",2,"fam","0",29.3875,TRUE,308,"F"
"117","test","A","PKBB_21",4,"fam","4",22.0967,FALSE,308,"F"
"118","test","A","PKBB_21",6,"nov","4",16.7296,FALSE,308,"F"
"119","test","A","PKBB_21",3,"nov","8",17.345,FALSE,308,"F"
"120","test","A","PKBB_21",5,"fam","8",3.84170000000007,FALSE,308,"F"
"121","test","A","PKBB_22",1,"fam","0",25.0531,FALSE,213,"F"
"122","test","A","PKBB_22",2,"fam","0",19.733,FALSE,213,"F"
"123","test","A","PKBB_22",4,"fam","4",46.5473,FALSE,213,"F"
"124","test","A","PKBB_22",6,"nov","4",20.6594,FALSE,213,"F"
"125","test","A","PKBB_22",3,"nov","8",-39.94,TRUE,213,"F"
"126","test","A","PKBB_22",5,"fam","8",38.7282,TRUE,213,"F"
"127","test","A","PKBB_23",1,"fam","0",20.3943999999985,FALSE,218,"M"
"128","test","A","PKBB_23",3,"fam","0",27.996299999997,FALSE,218,"M"
"129","test","A","PKBB_23",2,"fam","4",14.9798000000045,FALSE,218,"M"
"130","test","A","PKBB_23",4,"nov","4",5.44600000000001,FALSE,218,"M"
"131","test","A","PKBB_23",5,"nov","8",6.90970000000298,FALSE,218,"M"
"132","test","A","PKBB_23",6,"fam","8",6.11739999999851,FALSE,218,"M"
"133","test","A","PKBB_24",5,"fam","0",12.014,FALSE,222,"M"
"134","test","A","PKBB_24",6,"fam","0",10.742400000006,FALSE,222,"M"
"135","test","A","PKBB_24",1,"nov","4",23.564299999997,FALSE,222,"M"
"136","test","A","PKBB_24",3,"fam","4",3.721,FALSE,222,"M"
"137","test","A","PKBB_24",2,"fam","8",3.763,FALSE,222,"M"
"138","test","A","PKBB_24",4,"nov","8",17.568400000006,FALSE,222,"M"
"139","test","A","PKBB_25",4,"fam","0",6.43200000000004,TRUE,329,"M"
"140","test","A","PKBB_25",6,"fam","0",7.67589999999114,FALSE,329,"M"
"141","test","A","PKBB_25",3,"nov","4",3.96400000000001,FALSE,329,"M"
"142","test","A","PKBB_25",5,"fam","4",1.814,TRUE,329,"M"
"143","test","A","PKBB_25",1,"fam","8",6.15,FALSE,329,"M"
"144","test","A","PKBB_25",2,"nov","8",0.515000000000001,TRUE,329,"M"
"145","test","A","PKBB_26",1,"fam","0",1.62289999999106,TRUE,336,"M"
"146","test","A","PKBB_26",3,"fam","0",15.486,FALSE,336,"M"
"147","test","A","PKBB_26",2,"fam","4",32.0745,FALSE,336,"M"
"148","test","A","PKBB_26",4,"nov","4",-19.94,TRUE,336,"M"
"149","test","A","PKBB_26",5,"nov","8",12.804400000006,FALSE,336,"M"
"150","test","A","PKBB_26",6,"fam","8",6.02909999999404,FALSE,336,"M"
"151","test","A","PKBB_27",3,"fam","0",6.686,TRUE,242,"F"
"152","test","A","PKBB_27",5,"fam","0",1.85,TRUE,242,"F"
"153","test","A","PKBB_27",1,"fam","4",14.912,TRUE,242,"F"
"154","test","A","PKBB_27",2,"nov","4",8.74000000000002,TRUE,242,"F"
"155","test","A","PKBB_27",4,"fam","8",13.486599999994,TRUE,242,"F"
"156","test","A","PKBB_27",6,"nov","8",9.36359999999404,TRUE,242,"F"
"157","test","A","PKBB_28",2,"fam","0",12.745,FALSE,295,"F"
"158","test","A","PKBB_28",4,"fam","0",0.06,TRUE,295,"F"
"159","test","A","PKBB_28",5,"nov","4",28.782599999994,FALSE,295,"F"
"160","test","A","PKBB_28",6,"fam","4",16.625400000006,FALSE,295,"F"
"161","test","A","PKBB_28",1,"nov","8",-39.94,TRUE,295,"F"
"162","test","A","PKBB_28",3,"fam","8",8.22419999998808,FALSE,295,"F"
"163","test","A","PKBB_29",5,"fam","0",28.009,FALSE,230,"F"
"164","test","A","PKBB_29",6,"fam","0",5.773,FALSE,230,"F"
"165","test","A","PKBB_29",1,"nov","4",3.27,FALSE,230,"F"
"166","test","A","PKBB_29",3,"fam","4",9.261,FALSE,230,"F"
"167","test","A","PKBB_29",2,"fam","8",2.26599999999999,FALSE,230,"F"
"168","test","A","PKBB_29",4,"nov","8",27.5847,FALSE,230,"F"
"169","test","A","PKBB_30",1,"fam","0",0.06,TRUE,329,"M"
"170","test","A","PKBB_30",3,"fam","0",0.06,TRUE,329,"M"
"171","test","A","PKBB_30",2,"fam","4",-19.94,TRUE,329,"M"
"172","test","A","PKBB_30",4,"nov","4",-19.94,TRUE,329,"M"
"173","test","A","PKBB_30",5,"nov","8",-39.94,TRUE,329,"M"
"174","test","A","PKBB_30",6,"fam","8",10.113,FALSE,329,"M"
"175","test","A","PKBB_31",4,"fam","0",4.799,FALSE,214,"M"
"176","test","A","PKBB_31",6,"fam","0",1.91,TRUE,214,"M"
"177","test","A","PKBB_31",3,"nov","4",1.24,TRUE,214,"M"
"178","test","A","PKBB_31",5,"fam","4",6.125,FALSE,214,"M"
"179","test","A","PKBB_31",1,"fam","8",-39.94,TRUE,214,"M"
"180","test","A","PKBB_31",2,"nov","8",-39.94,TRUE,214,"M"
"181","test","A","PKBB_32",3,"fam","0",30.3108999999761,FALSE,220,"F"
"182","test","A","PKBB_32",5,"fam","0",30.0945,FALSE,220,"F"
"183","test","A","PKBB_32",1,"fam","4",10.2595,FALSE,220,"F"
"184","test","A","PKBB_32",2,"nov","4",23.5005,FALSE,220,"F"
"185","test","A","PKBB_32",4,"fam","8",9.11070000004768,FALSE,220,"F"
"186","test","A","PKBB_32",6,"nov","8",9.18340000003576,FALSE,220,"F"
"187","test","B","PKBB_01",1,"nov","1",32.6011999999993,FALSE,264,"F"
"188","test","B","PKBB_01",3,"fam","3",7.809,FALSE,264,"F"
"189","test","B","PKBB_01",5,"nov","3",-6.10259999999963,TRUE,264,"F"
"190","test","B","PKBB_01",2,"nov","9",26.529,FALSE,264,"F"
"191","test","B","PKBB_01",4,"fam","9",4.72200000000001,FALSE,264,"F"
"192","test","B","PKBB_02",2,"fam","1",8.551,FALSE,330,"F"
"193","test","B","PKBB_02",1,"fam","3",3.27810000000149,FALSE,330,"F"
"194","test","B","PKBB_02",3,"nov","3",5.58,FALSE,330,"F"
"195","test","B","PKBB_02",4,"nov","9",10.967,FALSE,330,"F"
"196","test","B","PKBB_02",5,"fam","9",10.246,FALSE,330,"F"
"197","test","B","PKBB_03",2,"fam","1",0.06,TRUE,316,"M"
"198","test","B","PKBB_03",1,"fam","3",48.5922999999998,FALSE,316,"M"
"199","test","B","PKBB_03",3,"nov","3",45.5693999999999,FALSE,316,"M"
"200","test","B","PKBB_03",4,"nov","9",5.551,FALSE,316,"M"
"201","test","B","PKBB_03",5,"fam","9",5.581,FALSE,316,"M"
"202","test","B","PKBB_04",2,"nov","1",36.62,FALSE,333,"F"
"203","test","B","PKBB_04",4,"fam","1",25.214,FALSE,333,"F"
"204","test","B","PKBB_04",1,"nov","3",-19.94,TRUE,333,"F"
"205","test","B","PKBB_04",3,"fam","9",23.48,FALSE,333,"F"
"206","test","B","PKBB_04",5,"nov","9",12.799,FALSE,333,"F"
"207","test","B","PKBB_05",4,"nov","1",9.6155,FALSE,226,"M"
"208","test","B","PKBB_05",5,"fam","1",2.869,FALSE,226,"M"
"209","test","B","PKBB_05",2,"fam","3",2.626,FALSE,226,"M"
"210","test","B","PKBB_05",1,"fam","9",1.47,TRUE,226,"M"
"211","test","B","PKBB_05",3,"nov","9",8.344,FALSE,226,"M"
"212","test","B","PKBB_06",3,"fam","1",31.4405,FALSE,278,"F"
"213","test","B","PKBB_06",5,"nov","1",30.7197000000179,FALSE,278,"F"
"214","test","B","PKBB_06",2,"nov","3",42.3628000000119,FALSE,278,"F"
"215","test","B","PKBB_06",4,"fam","3",6.922,FALSE,278,"F"
"216","test","B","PKBB_06",1,"nov","9",-39.94,TRUE,278,"F"
"217","test","B","PKBB_07",2,"fam","1",1.979,TRUE,292,"F"
"218","test","B","PKBB_07",4,"nov","1",8.30700000000001,FALSE,292,"F"
"219","test","B","PKBB_07",5,"nov","3",18.761,FALSE,292,"F"
"220","test","B","PKBB_07",6,"fam","3",7.60540000000602,FALSE,292,"F"
"221","test","B","PKBB_07",1,"nov","9",10.75,FALSE,292,"F"
"222","test","B","PKBB_07",3,"fam","9",5.06,FALSE,292,"F"
"223","test","B","PKBB_08",1,"fam","1",24.7420999999643,FALSE,240,"F"
"224","test","B","PKBB_08",2,"nov","1",28.89,FALSE,240,"F"
"225","test","B","PKBB_08",4,"fam","3",5.74930000001192,FALSE,240,"F"
"226","test","B","PKBB_08",6,"nov","3",3.70109999996412,FALSE,240,"F"
"227","test","B","PKBB_08",3,"nov","9",6.21800000000001,FALSE,240,"F"
"228","test","B","PKBB_08",5,"fam","9",6.36909999996412,FALSE,240,"F"
"229","test","B","PKBB_09",1,"nov","1",16.91,FALSE,218,"F"
"230","test","B","PKBB_09",3,"fam","1",10.052,FALSE,218,"F"
"231","test","B","PKBB_09",2,"fam","3",1.477,TRUE,218,"F"
"232","test","B","PKBB_09",4,"nov","3",10.1693000000119,FALSE,218,"F"
"233","test","B","PKBB_09",5,"nov","9",19.4270999999641,FALSE,218,"F"
"234","test","B","PKBB_09",6,"fam","9",11.9845,FALSE,218,"F"
"235","test","B","PKBB_10",3,"nov","1",21.224,FALSE,239,"F"
"236","test","B","PKBB_10",5,"fam","1",2.884,FALSE,239,"F"
"237","test","B","PKBB_10",1,"fam","3",43.1225999999643,FALSE,239,"F"
"238","test","B","PKBB_10",2,"nov","3",11.123,FALSE,239,"F"
"239","test","B","PKBB_10",4,"fam","9",3.18500000000001,FALSE,239,"F"
"240","test","B","PKBB_10",6,"nov","9",9.26730000001187,FALSE,239,"F"
"241","test","B","PKBB_11",5,"nov","1",19.3008999999762,FALSE,262,"F"
"242","test","B","PKBB_11",6,"fam","1",14.4601000000238,FALSE,262,"F"
"243","test","B","PKBB_11",1,"nov","3",13.586,TRUE,262,"F"
"244","test","B","PKBB_11",3,"fam","3",11.0415,FALSE,262,"F"
"245","test","B","PKBB_11",2,"fam","9",11.6920999999643,FALSE,262,"F"
"246","test","B","PKBB_11",4,"nov","9",24.5027999999523,FALSE,262,"F"
"247","test","B","PKBB_12",5,"nov","1",11.477,FALSE,242,"M"
"248","test","B","PKBB_12",6,"fam","1",26.6543000000119,FALSE,242,"M"
"249","test","B","PKBB_12",1,"nov","3",10.8438999999762,FALSE,242,"M"
"250","test","B","PKBB_12",3,"fam","3",13.1158999999761,FALSE,242,"M"
"251","test","B","PKBB_12",2,"fam","9",0.0309999999999988,TRUE,242,"M"
"252","test","B","PKBB_12",4,"nov","9",10.7978000000119,FALSE,242,"M"
"253","test","B","PKBB_13",3,"nov","1",2.24500000000001,FALSE,301,"M"
"254","test","B","PKBB_13",5,"fam","1",0.367000000000001,TRUE,301,"M"
"255","test","B","PKBB_13",1,"fam","3",2.50830000001194,FALSE,301,"M"
"256","test","B","PKBB_13",2,"nov","3",0.744,TRUE,301,"M"
"257","test","B","PKBB_13",4,"fam","9",5.125,FALSE,301,"M"
"258","test","B","PKBB_13",6,"nov","9",1.162,TRUE,301,"M"
"259","test","B","PKBB_14",1,"fam","1",2.51000000000001,TRUE,279,"M"
"260","test","B","PKBB_14",2,"nov","1",2.598,TRUE,279,"M"
"261","test","B","PKBB_14",4,"fam","3",0.069,TRUE,279,"M"
"262","test","B","PKBB_14",6,"nov","3",4.94059999996413,TRUE,279,"M"
"263","test","B","PKBB_14",3,"nov","9",-26.3398000000119,TRUE,279,"M"
"264","test","B","PKBB_14",5,"fam","9",9.78300000000001,TRUE,279,"M"
"265","test","B","PKBB_15",1,"fam","1",0.06,TRUE,229,"M"
"266","test","B","PKBB_15",2,"nov","1",8.61900000000001,FALSE,229,"M"
"267","test","B","PKBB_15",4,"fam","3",25.8936000000239,FALSE,229,"M"
"268","test","B","PKBB_15",6,"nov","3",6.76869999998814,FALSE,229,"M"
"269","test","B","PKBB_15",3,"nov","9",-39.94,TRUE,229,"M"
"270","test","B","PKBB_15",5,"fam","9",2.181,FALSE,229,"M"
"271","test","B","PKBB_16",1,"fam","1",13.6627999999821,FALSE,273,"F"
"272","test","B","PKBB_16",2,"nov","1",6.065,FALSE,273,"F"
"273","test","B","PKBB_16",4,"fam","3",21.821900000006,FALSE,273,"F"
"274","test","B","PKBB_16",6,"nov","3",5.39509999999404,FALSE,273,"F"
"275","test","B","PKBB_16",3,"nov","9",9.99959999999407,FALSE,273,"F"
"276","test","B","PKBB_16",5,"fam","9",1.596,TRUE,273,"F"
"277","test","B","PKBB_17",4,"fam","1",1.282,TRUE,280,"F"
"278","test","B","PKBB_17",6,"nov","1",4.749,FALSE,280,"F"
"279","test","B","PKBB_17",3,"nov","3",15.3081000000238,FALSE,280,"F"
"280","test","B","PKBB_17",5,"fam","3",2.30520000001788,FALSE,280,"F"
"281","test","B","PKBB_17",1,"fam","9",8.99000000000001,FALSE,280,"F"
"282","test","B","PKBB_17",2,"nov","9",11.0533000000119,TRUE,280,"F"
"283","test","B","PKBB_18",4,"fam","1",6.182,FALSE,297,"F"
"284","test","B","PKBB_18",6,"nov","1",0.230000000000004,TRUE,297,"F"
"285","test","B","PKBB_18",3,"nov","3",0.565,TRUE,297,"F"
"286","test","B","PKBB_18",5,"fam","3",0.746900000035763,TRUE,297,"F"
"287","test","B","PKBB_18",1,"fam","9",7.48909999996427,FALSE,297,"F"
"288","test","B","PKBB_18",2,"nov","9",13.4468999999761,FALSE,297,"F"
"289","test","B","PKBB_19",1,"nov","1",37.7893000000119,FALSE,335,"M"
"290","test","B","PKBB_19",3,"fam","1",5.225,FALSE,335,"M"
"291","test","B","PKBB_19",2,"fam","3",4.34839999997616,FALSE,335,"M"
"292","test","B","PKBB_19",4,"nov","3",2.805,FALSE,335,"M"
"293","test","B","PKBB_19",5,"nov","9",15.8,FALSE,335,"M"
"294","test","B","PKBB_19",6,"fam","9",16.9045999999642,FALSE,335,"M"
"295","test","B","PKBB_20",3,"nov","1",0.06,TRUE,333,"M"
"296","test","B","PKBB_20",5,"fam","1",0.06,TRUE,333,"M"
"297","test","B","PKBB_20",1,"fam","3",-19.94,TRUE,333,"M"
"298","test","B","PKBB_20",2,"nov","3",-19.94,TRUE,333,"M"
"299","test","B","PKBB_20",4,"fam","9",6.986,FALSE,333,"M"
"300","test","B","PKBB_20",6,"nov","9",50.2172,FALSE,333,"M"
"301","test","B","PKBB_21",5,"nov","1",10.318,FALSE,264,"M"
"302","test","B","PKBB_21",6,"fam","1",14.48,FALSE,264,"M"
"303","test","B","PKBB_21",1,"nov","3",26.7793000000715,FALSE,264,"M"
"304","test","B","PKBB_21",3,"fam","3",6.71020000004768,FALSE,264,"M"
"305","test","B","PKBB_21",2,"fam","9",4.135,FALSE,264,"M"
"306","test","B","PKBB_21",4,"nov","9",13.954,FALSE,264,"M"
"307","test","B","PKBB_22",1,"nov","1",20.8973000000715,FALSE,299,"M"
"308","test","B","PKBB_22",3,"fam","1",6.792,FALSE,299,"M"
"309","test","B","PKBB_22",2,"fam","3",27.315,FALSE,299,"M"
"310","test","B","PKBB_22",4,"nov","3",0.491999999999999,TRUE,299,"M"
"311","test","B","PKBB_22",5,"nov","9",0.504,TRUE,299,"M"
"312","test","B","PKBB_22",6,"fam","9",14.8317000000477,FALSE,299,"M"
"313","test","B","PKBB_23",4,"fam","1",3.429,TRUE,212,"M"
"314","test","B","PKBB_23",6,"nov","1",2.337,TRUE,212,"M"
"315","test","B","PKBB_23",3,"nov","3",6.93170000004768,TRUE,212,"M"
"316","test","B","PKBB_23",5,"fam","3",7.00969999992853,TRUE,212,"M"
"317","test","B","PKBB_23",1,"fam","9",7.59,TRUE,212,"M"
"318","test","B","PKBB_23",2,"nov","9",6.905,TRUE,212,"M"
"319","test","B","PKBB_24",4,"fam","1",32.0537999999999,FALSE,305,"M"
"320","test","B","PKBB_24",6,"nov","1",6.182,FALSE,305,"M"
"321","test","B","PKBB_24",3,"nov","3",8.091,FALSE,305,"M"
"322","test","B","PKBB_24",5,"fam","3",21.4076,FALSE,305,"M"
"323","test","B","PKBB_24",1,"fam","9",27.2306,FALSE,305,"M"
"324","test","B","PKBB_24",2,"nov","9",52.2719,FALSE,305,"M"
"325","test","B","PKBB_25",2,"fam","1",3.566,TRUE,309,"M"
"326","test","B","PKBB_25",4,"nov","1",3.512,TRUE,309,"M"
"327","test","B","PKBB_25",5,"nov","3",2.97920000000019,TRUE,309,"M"
"328","test","B","PKBB_25",6,"fam","3",1.80340000000037,TRUE,309,"M"
"329","test","B","PKBB_25",1,"nov","9",4.63,TRUE,309,"M"
"330","test","B","PKBB_25",3,"fam","9",6.78990000000037,TRUE,309,"M"
"331","test","B","PKBB_26",1,"fam","1",18.3461999999881,FALSE,324,"M"
"332","test","B","PKBB_26",2,"nov","1",3.724,FALSE,324,"M"
"333","test","B","PKBB_26",4,"fam","3",2.459,FALSE,324,"M"
"334","test","B","PKBB_26",6,"nov","3",4.738,FALSE,324,"M"
"335","test","B","PKBB_26",3,"nov","9",20.6783000000119,FALSE,324,"M"
"336","test","B","PKBB_26",5,"fam","9",6.38919999998814,FALSE,324,"M"
"337","test","B","PKBB_27",4,"fam","1",38.9518000000119,FALSE,274,"F"
"338","test","B","PKBB_27",6,"nov","1",10.1982000000179,FALSE,274,"F"
"339","test","B","PKBB_27",3,"nov","3",29.9397999999821,FALSE,274,"F"
"340","test","B","PKBB_27",5,"fam","3",4.4875,FALSE,274,"F"
"341","test","B","PKBB_27",1,"fam","9",-39.94,TRUE,274,"F"
"342","test","B","PKBB_27",2,"nov","9",34.0525999999941,FALSE,274,"F"
"343","test","B","PKBB_28",1,"nov","1",7.99,FALSE,270,"F"
"344","test","B","PKBB_28",3,"fam","1",11.758,FALSE,270,"F"
"345","test","B","PKBB_28",2,"fam","3",6.7455,FALSE,270,"F"
"346","test","B","PKBB_28",4,"nov","3",18.5235,FALSE,270,"F"
"347","test","B","PKBB_28",5,"nov","9",1.758,TRUE,270,"F"
"348","test","B","PKBB_28",6,"fam","9",-10.099599999994,TRUE,270,"F"
"349","test","B","PKBB_29",5,"nov","1",2.987,FALSE,292,"F"
"350","test","B","PKBB_29",6,"fam","1",4.867,FALSE,292,"F"
"351","test","B","PKBB_29",1,"nov","3",21.2757999999821,FALSE,292,"F"
"352","test","B","PKBB_29",3,"fam","3",10.4441000000238,FALSE,292,"F"
"353","test","B","PKBB_29",2,"fam","9",19.891,FALSE,292,"F"
"354","test","B","PKBB_29",4,"nov","9",6.508,FALSE,292,"F"
"355","test","B","PKBB_30",4,"fam","1",9.80800000000001,FALSE,300,"M"
"356","test","B","PKBB_30",6,"nov","1",25.9765999999941,FALSE,300,"M"
"357","test","B","PKBB_30",3,"nov","3",8.739,FALSE,300,"M"
"358","test","B","PKBB_30",5,"fam","3",5.41980000001186,FALSE,300,"M"
"359","test","B","PKBB_30",1,"fam","9",18.47,FALSE,300,"M"
"360","test","B","PKBB_30",2,"nov","9",46.805,FALSE,300,"M"
"361","test","B","PKBB_31",2,"fam","1",25.477,FALSE,323,"M"
"362","test","B","PKBB_31",4,"nov","1",8.48400000000001,FALSE,323,"M"
"363","test","B","PKBB_31",5,"nov","3",3.36220000001788,FALSE,323,"M"
"364","test","B","PKBB_31",6,"fam","3",0.996699999988137,TRUE,323,"M"
"365","test","B","PKBB_31",1,"nov","9",26.4735,FALSE,323,"M"
"366","test","B","PKBB_31",3,"fam","9",0.122000000000002,TRUE,323,"M"
"367","test","B","PKBB_32",3,"nov","1",16.178,FALSE,313,"M"
"368","test","B","PKBB_32",5,"fam","1",9.934,FALSE,313,"M"
"369","test","B","PKBB_32",1,"fam","3",-19.94,TRUE,313,"M"
"370","test","B","PKBB_32",2,"nov","3",8.771,FALSE,313,"M"
"371","test","B","PKBB_32",4,"fam","9",4.406,FALSE,313,"M"
"372","test","B","PKBB_32",6,"nov","9",11.66,FALSE,313,"M"
"373","test","B","PKBB_33",2,"fam","1",61.0121,FALSE,318,"M"
"374","test","B","PKBB_33",4,"nov","1",40.6242,FALSE,318,"M"
"375","test","B","PKBB_33",5,"nov","3",21.2336,FALSE,318,"M"
"376","test","B","PKBB_33",6,"fam","3",20.3467,FALSE,318,"M"
"377","test","B","PKBB_33",1,"nov","9",60.2112,FALSE,318,"M"
"378","test","B","PKBB_33",3,"fam","9",45.6823,FALSE,318,"M"
"379","test","B","PKBB_34",1,"nov","1",0.06,TRUE,309,"M"
"380","test","B","PKBB_34",3,"fam","1",0.06,TRUE,309,"M"
"381","test","B","PKBB_34",2,"fam","3",7.737,FALSE,309,"M"
"382","test","B","PKBB_34",4,"nov","3",25.5167999999523,FALSE,309,"M"
"383","test","B","PKBB_34",5,"nov","9",24.8041000000238,FALSE,309,"M"
"384","test","B","PKBB_34",6,"fam","9",9.38300000000001,FALSE,309,"M"
"385","test","B","PKBB_35",2,"fam","1",18.1169000000953,FALSE,329,"M"
"386","test","B","PKBB_35",4,"nov","1",20.856,FALSE,329,"M"
"387","test","B","PKBB_35",5,"nov","3",5.214,FALSE,329,"M"
"388","test","B","PKBB_35",6,"fam","3",2.532,FALSE,329,"M"
"389","test","B","PKBB_35",1,"nov","9",23.59,FALSE,329,"M"
"390","test","B","PKBB_35",3,"fam","9",6.192,FALSE,329,"M"
