subject,block_number,block_type,trial_number,item_type,trial_type,trial_complexity,item_id,rt,half,block_deviant_number,trial_type_index,first_dev_position,second_dev_position
SS1617819278525,0,simple_dissimilar,1,background,background,simple,simple_07_A,3652,first half,1,background,3,NA
SS1617819278525,0,simple_dissimilar,2,background,background,simple,simple_07_A,2183,first half,1,background,3,NA
SS1617819278525,0,simple_dissimilar,3,dissimilar deviant,deviant,simple,simple_17_A,4533,first half,1,first_deviant,3,NA
SS1617819278525,0,simple_dissimilar,4,background,background,simple,simple_07_A,3270,first half,1,background,3,NA
SS1617819278525,0,simple_dissimilar,5,background,background,simple,simple_07_A,5816,first half,1,background,3,NA
SS1617819278525,1,simple_dissimilar,1,background,background,simple,simple_09_A,6051,first half,1,background,5,NA
SS1617819278525,1,simple_dissimilar,2,background,background,simple,simple_09_A,4513,first half,1,background,5,NA
SS1617819278525,1,simple_dissimilar,3,background,background,simple,simple_09_A,1316,first half,1,background,5,NA
SS1617819278525,1,simple_dissimilar,4,background,background,simple,simple_09_A,557,first half,1,background,5,NA
SS1617819278525,1,simple_dissimilar,5,dissimilar deviant,deviant,simple,simple_11_A,3078,first half,1,first_deviant,5,NA
SS1617819278525,2,complex_dissimilar,1,background,background,complex,complex_16_A,9460,first half,0,background,NA,NA
SS1617819278525,2,complex_dissimilar,2,background,background,complex,complex_16_A,8459,first half,0,background,NA,NA
SS1617819278525,2,complex_dissimilar,3,background,background,complex,complex_16_A,2337,first half,0,background,NA,NA
SS1617819278525,2,complex_dissimilar,4,background,background,complex,complex_16_A,2575,first half,0,background,NA,NA
SS1617819278525,3,simple_dissimilar,1,background,background,simple,simple_04_A,5941,first half,0,background,NA,NA
SS1617819278525,3,simple_dissimilar,2,background,background,simple,simple_04_A,4458,first half,0,background,NA,NA
SS1617819278525,3,simple_dissimilar,3,background,background,simple,simple_04_A,2887.999999999971,first half,0,background,NA,NA
SS1617819278525,3,simple_dissimilar,4,background,background,simple,simple_04_A,859,first half,0,background,NA,NA
SS1617819278525,4,simple_dissimilar,1,background,background,simple,simple_05_A,4056,first half,2,background,2,5
SS1617819278525,4,simple_dissimilar,2,dissimilar deviant,deviant,simple,simple_11_A,5218,first half,2,first_deviant,2,5
SS1617819278525,4,simple_dissimilar,3,background,background,simple,simple_05_A,6147,first half,2,background,2,5
SS1617819278525,4,simple_dissimilar,4,background,background,simple,simple_05_A,5199,first half,2,background,2,5
SS1617819278525,4,simple_dissimilar,5,dissimilar deviant,deviant,simple,simple_11_A,380,first half,2,second_deviant,2,5
SS1617819278525,5,complex_dissimilar,1,background,background,complex,complex_03_A,11060.999999999942,first half,1,background,4,NA
SS1617819278525,5,complex_dissimilar,2,background,background,complex,complex_03_A,8840,first half,1,background,4,NA
SS1617819278525,5,complex_dissimilar,3,background,background,complex,complex_03_A,3304.999999999942,first half,1,background,4,NA
SS1617819278525,5,complex_dissimilar,4,dissimilar deviant,deviant,complex,complex_05_A,13881,first half,1,first_deviant,4,NA
SS1617819278525,6,complex_dissimilar,1,background,background,complex,complex_05_A,8324,second half,2,background,2,4
SS1617819278525,6,complex_dissimilar,2,dissimilar deviant,deviant,complex,complex_19_A,9167.000000000058,second half,2,first_deviant,2,4
SS1617819278525,6,complex_dissimilar,3,background,background,complex,complex_05_A,2446,second half,2,background,2,4
SS1617819278525,6,complex_dissimilar,4,dissimilar deviant,deviant,complex,complex_19_A,4950.999999999942,second half,2,second_deviant,2,4
SS1617819278525,6,complex_dissimilar,5,background,background,complex,complex_05_A,3976,second half,2,background,2,4
SS1617819278525,7,complex_dissimilar,1,background,background,complex,complex_12_A,9048,second half,1,background,3,NA
SS1617819278525,7,complex_dissimilar,2,background,background,complex,complex_12_A,5697,second half,1,background,3,NA
SS1617819278525,7,complex_dissimilar,3,dissimilar deviant,deviant,complex,complex_02_A,6789,second half,1,first_deviant,3,NA
SS1617819278525,7,complex_dissimilar,4,background,background,complex,complex_12_A,2613,second half,1,background,3,NA
SS1617819278525,8,complex_dissimilar,1,background,background,complex,complex_02_A,11835.000000000058,second half,0,background,NA,NA
SS1617819278525,8,complex_dissimilar,2,background,background,complex,complex_02_A,4148,second half,0,background,NA,NA
SS1617819278525,8,complex_dissimilar,3,background,background,complex,complex_02_A,1335.0000000000582,second half,0,background,NA,NA
SS1617819278525,8,complex_dissimilar,4,background,background,complex,complex_02_A,6761,second half,0,background,NA,NA
SS1617819278525,8,complex_dissimilar,5,background,background,complex,complex_02_A,9858,second half,0,background,NA,NA
SS1617819278525,9,complex_dissimilar,1,background,background,complex,complex_08_A,9753.999999999942,second half,0,background,NA,NA
SS1617819278525,9,complex_dissimilar,2,background,background,complex,complex_08_A,947,second half,0,background,NA,NA
SS1617819278525,9,complex_dissimilar,3,background,background,complex,complex_08_A,587,second half,0,background,NA,NA
SS1617819278525,9,complex_dissimilar,4,background,background,complex,complex_08_A,4815,second half,0,background,NA,NA
SS1617819278525,9,complex_dissimilar,5,background,background,complex,complex_08_A,1882,second half,0,background,NA,NA
SS1617819278525,9,complex_dissimilar,6,background,background,complex,complex_08_A,766,second half,0,background,NA,NA
SS1617819278525,10,simple_dissimilar,1,background,background,simple,simple_19_A,7418,second half,1,background,2,NA
SS1617819278525,10,simple_dissimilar,2,dissimilar deviant,deviant,simple,simple_20_A,1734.0000000000582,second half,1,first_deviant,2,NA
SS1617819278525,10,simple_dissimilar,3,background,background,simple,simple_19_A,623.0000000000582,second half,1,background,2,NA
SS1617819278525,10,simple_dissimilar,4,background,background,simple,simple_19_A,1518,second half,1,background,2,NA
SS1617819278525,11,simple_dissimilar,1,background,background,simple,simple_18_A,4595,second half,1,background,5,NA
SS1617819278525,11,simple_dissimilar,2,background,background,simple,simple_18_A,4379,second half,1,background,5,NA
SS1617819278525,11,simple_dissimilar,3,background,background,simple,simple_18_A,3050,second half,1,background,5,NA
SS1617819278525,11,simple_dissimilar,4,background,background,simple,simple_18_A,1579.0000000001164,second half,1,background,5,NA
SS1617819278525,11,simple_dissimilar,5,dissimilar deviant,deviant,simple,simple_13_A,3400,second half,1,first_deviant,5,NA
SS1617819279925,0,simple_dissimilar,1,background,background,simple,simple_16_A,4397.820000001957,first half,0,background,NA,NA
SS1617819279925,0,simple_dissimilar,2,background,background,simple,simple_16_A,2909.2099999979837,first half,0,background,NA,NA
SS1617819279925,0,simple_dissimilar,3,background,background,simple,simple_16_A,2809.290000001056,first half,0,background,NA,NA
SS1617819279925,0,simple_dissimilar,4,background,background,simple,simple_16_A,2462.48999999807,first half,0,background,NA,NA
SS1617819279925,0,simple_dissimilar,5,background,background,simple,simple_16_A,2066.4250000008906,first half,0,background,NA,NA
SS1617819279925,1,complex_dissimilar,1,background,background,complex,complex_10_A,5020.479999999225,first half,2,background,2,5
SS1617819279925,1,complex_dissimilar,2,dissimilar deviant,deviant,complex,complex_12_A,4836.235000002489,first half,2,first_deviant,2,5
SS1617819279925,1,complex_dissimilar,3,background,background,complex,complex_10_A,3691.1399999989953,first half,2,background,2,5
SS1617819279925,1,complex_dissimilar,4,background,background,complex,complex_10_A,3179.9800000007963,first half,2,background,2,5
SS1617819279925,1,complex_dissimilar,5,dissimilar deviant,deviant,complex,complex_12_A,3552.915000000212,first half,2,second_deviant,2,5
SS1617819279925,2,simple_dissimilar,1,background,background,simple,simple_01_A,1862.6750000003085,first half,1,background,6,NA
SS1617819279925,2,simple_dissimilar,2,background,background,simple,simple_01_A,1995.4900000011548,first half,1,background,6,NA
SS1617819279925,2,simple_dissimilar,3,background,background,simple,simple_01_A,1979.6649999989313,first half,1,background,6,NA
SS1617819279925,2,simple_dissimilar,4,background,background,simple,simple_01_A,2515.8599999995204,first half,1,background,6,NA
SS1617819279925,2,simple_dissimilar,5,background,background,simple,simple_01_A,1094.665000000532,first half,1,background,6,NA
SS1617819279925,2,simple_dissimilar,6,dissimilar deviant,deviant,simple,simple_15_A,3445.7599999986996,first half,1,first_deviant,6,NA
SS1617819279925,3,complex_dissimilar,1,background,background,complex,complex_02_A,4380.044999998063,first half,2,background,2,6
SS1617819279925,3,complex_dissimilar,2,dissimilar deviant,deviant,complex,complex_11_A,4329.125000000175,first half,2,first_deviant,2,6
SS1617819279925,3,complex_dissimilar,3,background,background,complex,complex_02_A,6063.510000000009,first half,2,background,2,6
SS1617819279925,3,complex_dissimilar,4,background,background,complex,complex_02_A,2824.9849999992875,first half,2,background,2,6
SS1617819279925,3,complex_dissimilar,5,background,background,complex,complex_02_A,2472.09500000102,first half,2,background,2,6
SS1617819279925,3,complex_dissimilar,6,dissimilar deviant,deviant,complex,complex_11_A,3414.4450000021607,first half,2,second_deviant,2,6
SS1617819279925,4,simple_dissimilar,1,background,background,simple,simple_08_A,2753.044999997597,first half,0,background,NA,NA
SS1617819279925,4,simple_dissimilar,2,background,background,simple,simple_08_A,939.954999997979,first half,0,background,NA,NA
SS1617819279925,4,simple_dissimilar,3,background,background,simple,simple_08_A,2539.910000003176,first half,0,background,NA,NA
SS1617819279925,4,simple_dissimilar,4,background,background,simple,simple_08_A,1401.8600000017905,first half,0,background,NA,NA
SS1617819279925,4,simple_dissimilar,5,background,background,simple,simple_08_A,367.7399999978952,first half,0,background,NA,NA
SS1617819279925,5,complex_dissimilar,1,background,background,complex,complex_05_A,6463.465000000666,first half,1,background,3,NA
SS1617819279925,5,complex_dissimilar,2,background,background,complex,complex_05_A,4460.399999999965,first half,1,background,3,NA
SS1617819279925,5,complex_dissimilar,3,dissimilar deviant,deviant,complex,complex_20_A,5781.764999999781,first half,1,first_deviant,3,NA
SS1617819279925,5,complex_dissimilar,4,background,background,complex,complex_05_A,5464.820000001055,first half,1,background,3,NA
SS1617819279925,5,complex_dissimilar,5,background,background,complex,complex_05_A,3678.4200000002165,first half,1,background,3,NA
SS1617819279925,6,simple_dissimilar,1,background,background,simple,simple_11_A,5197.280000000377,second half,2,background,2,5
SS1617819279925,6,simple_dissimilar,2,dissimilar deviant,deviant,simple,simple_07_A,2649.395000000368,second half,2,first_deviant,2,5
SS1617819279925,6,simple_dissimilar,3,background,background,simple,simple_11_A,4340.649999998277,second half,2,background,2,5
SS1617819279925,6,simple_dissimilar,4,background,background,simple,simple_11_A,1931.980000001262,second half,2,background,2,5
SS1617819279925,6,simple_dissimilar,5,dissimilar deviant,deviant,simple,simple_07_A,1255.2299999988172,second half,2,second_deviant,2,5
SS1617819279925,7,complex_dissimilar,1,background,background,complex,complex_14_A,5012.904999999562,second half,2,background,2,6
SS1617819279925,7,complex_dissimilar,2,dissimilar deviant,deviant,complex,complex_08_A,6963.144999997923,second half,2,first_deviant,2,6
SS1617819279925,7,complex_dissimilar,3,background,background,complex,complex_14_A,2346.3450000017765,second half,2,background,2,6
SS1617819279925,7,complex_dissimilar,4,background,background,complex,complex_14_A,1987.345000001369,second half,2,background,2,6
SS1617819279925,7,complex_dissimilar,5,background,background,complex,complex_14_A,1888.07000000088,second half,2,background,2,6
SS1617819279925,7,complex_dissimilar,6,dissimilar deviant,deviant,complex,complex_08_A,4405.3600000006845,second half,2,second_deviant,2,6
SS1617819279925,8,simple_dissimilar,1,background,background,simple,simple_17_A,3220.5099999991944,second half,2,background,3,4
SS1617819279925,8,simple_dissimilar,2,background,background,simple,simple_17_A,269.51000000193017,second half,2,background,3,4
SS1617819279925,8,simple_dissimilar,3,dissimilar deviant,deviant,simple,simple_13_A,2429.6100000028964,second half,2,first_deviant,3,4
SS1617819279925,8,simple_dissimilar,4,dissimilar deviant,deviant,simple,simple_13_A,817.0549999995856,second half,2,second_deviant,3,4
SS1617819279925,9,complex_dissimilar,1,background,background,complex,complex_16_A,5319.649999997579,second half,2,background,2,5
SS1617819279925,9,complex_dissimilar,2,dissimilar deviant,deviant,complex,complex_11_A,5118.105000001378,second half,2,first_deviant,2,5
SS1617819279925,9,complex_dissimilar,3,background,background,complex,complex_16_A,4055.589999999909,second half,2,background,2,5
SS1617819279925,9,complex_dissimilar,4,background,background,complex,complex_16_A,3129.259999997914,second half,2,background,2,5
SS1617819279925,9,complex_dissimilar,5,dissimilar deviant,deviant,complex,complex_11_A,4682.724999998754,second half,2,second_deviant,2,5
SS1617819279925,10,complex_dissimilar,1,background,background,complex,complex_09_A,4150.424999999814,second half,1,background,2,NA
SS1617819279925,10,complex_dissimilar,2,dissimilar deviant,deviant,complex,complex_19_A,5355.690000000293,second half,1,first_deviant,2,NA
SS1617819279925,10,complex_dissimilar,3,background,background,complex,complex_09_A,4332.72500000021,second half,1,background,2,NA
SS1617819279925,10,complex_dissimilar,4,background,background,complex,complex_09_A,3904.6349999989616,second half,1,background,2,NA
SS1617819279925,11,simple_dissimilar,1,background,background,simple,simple_11_A,1555.9949999988312,second half,0,background,NA,NA
SS1617819279925,11,simple_dissimilar,2,background,background,simple,simple_11_A,496.4349999972619,second half,0,background,NA,NA
SS1617819279925,11,simple_dissimilar,3,background,background,simple,simple_11_A,2471.994999999879,second half,0,background,NA,NA
SS1617819279925,11,simple_dissimilar,4,background,background,simple,simple_11_A,779.774999999092,second half,0,background,NA,NA
SS1617819306516,0,complex_dissimilar,1,background,background,complex,complex_17_A,2951.100000002014,first half,1,background,3,NA
SS1617819306516,0,complex_dissimilar,2,background,background,complex,complex_17_A,783.9549999989686,first half,1,background,3,NA
SS1617819306516,0,complex_dissimilar,3,dissimilar deviant,deviant,complex,complex_15_A,1136.1649999998626,first half,1,first_deviant,3,NA
SS1617819306516,0,complex_dissimilar,4,background,background,complex,complex_17_A,816.3600000006845,first half,1,background,3,NA
SS1617819306516,1,simple_dissimilar,1,background,background,simple,simple_19_A,2717.5050000005285,first half,2,background,4,5
SS1617819306516,1,simple_dissimilar,2,background,background,simple,simple_19_A,675.1399999993155,first half,2,background,4,5
SS1617819306516,1,simple_dissimilar,3,background,background,simple,simple_19_A,352.98499999777414,first half,2,background,4,5
SS1617819306516,1,simple_dissimilar,4,dissimilar deviant,deviant,simple,simple_20_A,586.0150000007125,first half,2,first_deviant,4,5
SS1617819306516,1,simple_dissimilar,5,dissimilar deviant,deviant,simple,simple_20_A,386.11999999923864,first half,2,second_deviant,4,5
SS1617819306516,2,simple_dissimilar,1,background,background,simple,simple_20_A,356.4599999990314,first half,2,background,3,4
SS1617819306516,2,simple_dissimilar,2,background,background,simple,simple_20_A,503.75999999960186,first half,2,background,3,4
SS1617819306516,2,simple_dissimilar,3,dissimilar deviant,deviant,simple,simple_15_A,327.78999999933876,first half,2,first_deviant,3,4
SS1617819306516,2,simple_dissimilar,4,dissimilar deviant,deviant,simple,simple_15_A,261.6999999991385,first half,2,second_deviant,3,4
SS1617819306516,3,simple_dissimilar,1,background,background,simple,simple_17_A,398.75000000029104,first half,1,background,5,NA
SS1617819306516,3,simple_dissimilar,2,background,background,simple,simple_17_A,386.46499999955995,first half,1,background,5,NA
SS1617819306516,3,simple_dissimilar,3,background,background,simple,simple_17_A,319.86999999929685,first half,1,background,5,NA
SS1617819306516,3,simple_dissimilar,4,background,background,simple,simple_17_A,432.94500000047265,first half,1,background,5,NA
SS1617819306516,3,simple_dissimilar,5,dissimilar deviant,deviant,simple,simple_07_A,495.0699999972712,first half,1,first_deviant,5,NA
SS1617819306516,3,simple_dissimilar,6,background,background,simple,simple_17_A,494.56999999890104,first half,1,background,5,NA
SS1617819306516,4,complex_dissimilar,1,background,background,complex,complex_05_A,2622.670000000624,first half,0,background,NA,NA
SS1617819306516,4,complex_dissimilar,2,background,background,complex,complex_05_A,968.769999999553,first half,0,background,NA,NA
SS1617819306516,4,complex_dissimilar,3,background,background,complex,complex_05_A,353.93000000109896,first half,0,background,NA,NA
SS1617819306516,4,complex_dissimilar,4,background,background,complex,complex_05_A,675.4550000005402,first half,0,background,NA,NA
SS1617819306516,4,complex_dissimilar,5,background,background,complex,complex_05_A,438.6950000007637,first half,0,background,NA,NA
SS1617819306516,5,complex_dissimilar,1,background,background,complex,complex_07_A,1455.6850000008708,first half,1,background,5,NA
SS1617819306516,5,complex_dissimilar,2,background,background,complex,complex_07_A,451.9749999999767,first half,1,background,5,NA
SS1617819306516,5,complex_dissimilar,3,background,background,complex,complex_07_A,401.669999999227,first half,1,background,5,NA
SS1617819306516,5,complex_dissimilar,4,background,background,complex,complex_07_A,494.07499999867287,first half,1,background,5,NA
SS1617819306516,5,complex_dissimilar,5,dissimilar deviant,deviant,complex,complex_11_A,1983.8000000017928,first half,1,first_deviant,5,NA
SS1617819306516,6,complex_dissimilar,1,background,background,complex,complex_12_A,1193.9500000007683,second half,2,background,4,6
SS1617819306516,6,complex_dissimilar,2,background,background,complex,complex_12_A,835.9450000025681,second half,2,background,4,6
SS1617819306516,6,complex_dissimilar,3,background,background,complex,complex_12_A,563.1700000012643,second half,2,background,4,6
SS1617819306516,6,complex_dissimilar,4,dissimilar deviant,deviant,complex,complex_16_A,1044.754999998957,second half,2,first_deviant,4,6
SS1617819306516,6,complex_dissimilar,5,background,background,complex,complex_12_A,741.8699999980163,second half,2,background,4,6
SS1617819306516,6,complex_dissimilar,6,dissimilar deviant,deviant,complex,complex_16_A,530.2049999991432,second half,2,second_deviant,4,6
SS1617819306516,7,simple_dissimilar,1,background,background,simple,simple_03_A,545.79999999987194,second half,1,background,5,NA
SS1617819306516,7,simple_dissimilar,2,background,background,simple,simple_03_A,310.97500000032596,second half,1,background,5,NA
SS1617819306516,7,simple_dissimilar,3,background,background,simple,simple_03_A,444.73999999900116,second half,1,background,5,NA
SS1617819306516,7,simple_dissimilar,4,background,background,simple,simple_03_A,211.77499999973224,second half,1,background,5,NA
SS1617819306516,7,simple_dissimilar,5,dissimilar deviant,deviant,simple,simple_08_A,459.92000000120606,second half,1,first_deviant,5,NA
SS1617819306516,7,simple_dissimilar,6,background,background,simple,simple_03_A,427.62500000029104,second half,1,background,5,NA
SS1617819306516,8,simple_dissimilar,1,background,background,simple,simple_10_A,297.25999999942724,second half,2,background,2,3
SS1617819306516,8,simple_dissimilar,2,dissimilar deviant,deviant,simple,simple_03_A,294.69500000053085,second half,2,first_deviant,2,3
SS1617819306516,8,simple_dissimilar,3,dissimilar deviant,deviant,simple,simple_03_A,344.3299999998999,second half,2,second_deviant,2,3
SS1617819306516,8,simple_dissimilar,4,background,background,simple,simple_10_A,311.0999999989872,second half,2,background,2,3
SS1617819306516,8,simple_dissimilar,5,background,background,simple,simple_10_A,155.51000000047497,second half,2,background,2,3
SS1617819306516,8,simple_dissimilar,6,background,background,simple,simple_10_A,268.0350000009639,second half,2,background,2,3
SS1617819306516,9,simple_dissimilar,2,background,background,simple,simple_16_A,214.07999999797903,second half,2,background,3,4
SS1617819306516,9,simple_dissimilar,3,dissimilar deviant,deviant,simple,simple_05_A,289.72000000067055,second half,2,first_deviant,3,4
SS1617819306516,9,simple_dissimilar,4,dissimilar deviant,deviant,simple,simple_05_A,339.41499999852385,second half,2,second_deviant,3,4
SS1617819306516,9,simple_dissimilar,5,background,background,simple,simple_16_A,267.79999999771826,second half,2,background,3,4
SS1617819306516,9,simple_dissimilar,6,background,background,simple,simple_16_A,334.09000000031665,second half,2,background,3,4
SS1617819306516,10,complex_dissimilar,1,background,background,complex,complex_09_A,543.5450000003912,second half,2,background,3,4
SS1617819306516,10,complex_dissimilar,2,background,background,complex,complex_09_A,505.86499999905936,second half,2,background,3,4
SS1617819306516,10,complex_dissimilar,3,dissimilar deviant,deviant,complex,complex_18_A,733.9450000000652,second half,2,first_deviant,3,4
SS1617819306516,10,complex_dissimilar,4,dissimilar deviant,deviant,complex,complex_18_A,502.05500000086613,second half,2,second_deviant,3,4
SS1617819306516,11,complex_dissimilar,1,background,background,complex,complex_14_A,458.1400000024587,second half,2,background,4,5
SS1617819306516,11,complex_dissimilar,2,background,background,complex,complex_14_A,314.8349999974016,second half,2,background,4,5
SS1617819306516,11,complex_dissimilar,3,background,background,complex,complex_14_A,357.63500000024214,second half,2,background,4,5
SS1617819306516,11,complex_dissimilar,4,dissimilar deviant,deviant,complex,complex_15_A,669.674999997369,second half,2,first_deviant,4,5
SS1617819306516,11,complex_dissimilar,5,dissimilar deviant,deviant,complex,complex_15_A,577.950000002631,second half,2,second_deviant,4,5
SS1617819327581,0,complex_dissimilar,1,background,background,complex,complex_19_A,4309.42499999993,first half,0,background,NA,NA
SS1617819327581,0,complex_dissimilar,2,background,background,complex,complex_19_A,4404.78000000029,first half,0,background,NA,NA
SS1617819327581,0,complex_dissimilar,3,background,background,complex,complex_19_A,3741.704999999929,first half,0,background,NA,NA
SS1617819327581,0,complex_dissimilar,4,background,background,complex,complex_19_A,3010.0049999996554,first half,0,background,NA,NA
SS1617819327581,0,complex_dissimilar,5,background,background,complex,complex_19_A,3672.6849999999977,first half,0,background,NA,NA
SS1617819327581,1,simple_dissimilar,1,background,background,simple,simple_20_A,2532.249999999738,first half,1,background,5,NA
SS1617819327581,1,simple_dissimilar,2,background,background,simple,simple_20_A,1396.445000000298,first half,1,background,5,NA
SS1617819327581,1,simple_dissimilar,3,background,background,simple,simple_20_A,1139.124999999709,first half,1,background,5,NA
SS1617819327581,1,simple_dissimilar,4,background,background,simple,simple_20_A,957.5550000004296,first half,1,background,5,NA
SS1617819327581,1,simple_dissimilar,5,dissimilar deviant,deviant,simple,simple_11_A,1913.2100000001665,first half,1,first_deviant,5,NA
SS1617819327581,2,simple_dissimilar,1,background,background,simple,simple_17_A,1544.9100000000617,first half,2,background,2,3
SS1617819327581,2,simple_dissimilar,2,dissimilar deviant,deviant,simple,simple_02_A,5628.254999999626,first half,2,first_deviant,2,3
SS1617819327581,2,simple_dissimilar,3,dissimilar deviant,deviant,simple,simple_02_A,2254.364999999787,first half,2,second_deviant,2,3
SS1617819327581,2,simple_dissimilar,4,background,background,simple,simple_17_A,3202.225000000006,first half,2,background,2,3
SS1617819327581,2,simple_dissimilar,5,background,background,simple,simple_17_A,1054.765000000334,first half,2,background,2,3
SS1617819327581,2,simple_dissimilar,6,background,background,simple,simple_17_A,1225.040000000241,first half,2,background,2,3
SS1617819327581,3,complex_dissimilar,1,background,background,complex,complex_04_A,4168.685000000114,first half,2,background,3,4
SS1617819327581,3,complex_dissimilar,2,background,background,complex,complex_04_A,1943.2250000000058,first half,2,background,3,4
SS1617819327581,3,complex_dissimilar,3,dissimilar deviant,deviant,complex,complex_11_A,3269.8649999997288,first half,2,first_deviant,3,4
SS1617819327581,3,complex_dissimilar,4,dissimilar deviant,deviant,complex,complex_11_A,599.2700000001932,first half,2,second_deviant,3,4
SS1617819327581,3,complex_dissimilar,5,background,background,complex,complex_04_A,1732.2449999997043,first half,2,background,3,4
SS1617819327581,4,simple_dissimilar,1,background,background,simple,simple_18_A,2233.879999999772,first half,0,background,NA,NA
SS1617819327581,4,simple_dissimilar,2,background,background,simple,simple_18_A,1427.975000000035,first half,0,background,NA,NA
SS1617819327581,4,simple_dissimilar,3,background,background,simple,simple_18_A,1616.8700000002864,first half,0,background,NA,NA
SS1617819327581,4,simple_dissimilar,4,background,background,simple,simple_18_A,1432.5149999999558,first half,0,background,NA,NA
SS1617819327581,4,simple_dissimilar,5,background,background,simple,simple_18_A,2314.7149999999674,first half,0,background,NA,NA
SS1617819327581,5,complex_dissimilar,1,background,background,complex,complex_17_A,3238.4799999999814,first half,2,background,4,5
SS1617819327581,5,complex_dissimilar,2,background,background,complex,complex_17_A,2223.620000000228,first half,2,background,4,5
SS1617819327581,5,complex_dissimilar,3,background,background,complex,complex_17_A,2131.4750000001513,first half,2,background,4,5
SS1617819327581,5,complex_dissimilar,4,dissimilar deviant,deviant,complex,complex_14_A,4239.099999999744,first half,2,first_deviant,4,5
SS1617819327581,5,complex_dissimilar,5,dissimilar deviant,deviant,complex,complex_14_A,2834.9399999997113,first half,2,second_deviant,4,5
SS1617819327581,6,complex_dissimilar,1,background,background,complex,complex_02_A,1773.9999999998836,second half,1,background,5,NA
SS1617819327581,6,complex_dissimilar,2,background,background,complex,complex_02_A,1420.0550000000512,second half,1,background,5,NA
SS1617819327581,6,complex_dissimilar,3,background,background,complex,complex_02_A,1518.4549999998999,second half,1,background,5,NA
SS1617819327581,6,complex_dissimilar,4,background,background,complex,complex_02_A,1166.894999999844,second half,1,background,5,NA
SS1617819327581,6,complex_dissimilar,5,dissimilar deviant,deviant,complex,complex_06_A,1439.4300000003423,second half,1,first_deviant,5,NA
SS1617819327581,7,simple_dissimilar,1,background,background,simple,simple_14_A,2803.550000000105,second half,0,background,NA,NA
SS1617819327581,7,simple_dissimilar,2,background,background,simple,simple_14_A,2992.8800000002375,second half,0,background,NA,NA
SS1617819327581,7,simple_dissimilar,3,background,background,simple,simple_14_A,1921.5499999999884,second half,0,background,NA,NA
SS1617819327581,7,simple_dissimilar,4,background,background,simple,simple_14_A,1322.7200000000885,second half,0,background,NA,NA
SS1617819327581,8,complex_dissimilar,1,background,background,complex,complex_04_A,3325.2300000003306,second half,2,background,4,5
SS1617819327581,8,complex_dissimilar,2,background,background,complex,complex_04_A,1147.904999999795,second half,2,background,4,5
SS1617819327581,8,complex_dissimilar,3,background,background,complex,complex_04_A,845.9699999998556,second half,2,background,4,5
SS1617819327581,8,complex_dissimilar,4,dissimilar deviant,deviant,complex,complex_06_A,1439.744999999646,second half,2,first_deviant,4,5
SS1617819327581,8,complex_dissimilar,5,dissimilar deviant,deviant,complex,complex_06_A,856.6049999999814,second half,2,second_deviant,4,5
SS1617819327581,8,complex_dissimilar,6,background,background,complex,complex_04_A,773.3349999998463,second half,2,background,4,5
SS1617819327581,9,simple_dissimilar,1,background,background,simple,simple_10_A,637.1800000001676,second half,1,background,3,NA
SS1617819327581,9,simple_dissimilar,2,background,background,simple,simple_10_A,1839.2750000002561,second half,1,background,3,NA
SS1617819327581,9,simple_dissimilar,3,dissimilar deviant,deviant,simple,simple_07_A,1480.6600000002072,second half,1,first_deviant,3,NA
SS1617819327581,9,simple_dissimilar,4,background,background,simple,simple_10_A,1161.689999999886,second half,1,background,3,NA
SS1617819327581,9,simple_dissimilar,5,background,background,simple,simple_10_A,1176.2699999999022,second half,1,background,3,NA
SS1617819327581,10,simple_dissimilar,1,background,background,simple,simple_16_A,1434.5549999998184,second half,2,background,4,5
SS1617819327581,10,simple_dissimilar,2,background,background,simple,simple_16_A,1493.8449999999139,second half,2,background,4,5
SS1617819327581,10,simple_dissimilar,3,background,background,simple,simple_16_A,1222.7450000000536,second half,2,background,4,5
SS1617819327581,10,simple_dissimilar,4,dissimilar deviant,deviant,simple,simple_08_A,1355.5650000002934,second half,2,first_deviant,4,5
SS1617819327581,10,simple_dissimilar,5,dissimilar deviant,deviant,simple,simple_08_A,1438.9949999999953,second half,2,second_deviant,4,5
SS1617819327581,10,simple_dissimilar,6,background,background,simple,simple_16_A,1717.609999999695,second half,2,background,4,5
SS1617819327581,11,complex_dissimilar,1,background,background,complex,complex_20_A,1341.2250000000931,second half,2,background,3,6
SS1617819327581,11,complex_dissimilar,2,background,background,complex,complex_20_A,1082.5849999996717,second half,2,background,3,6
SS1617819327581,11,complex_dissimilar,3,dissimilar deviant,deviant,complex,complex_19_A,1006.1650000002119,second half,2,first_deviant,3,6
SS1617819327581,11,complex_dissimilar,4,background,background,complex,complex_20_A,1387.784999999858,second half,2,background,3,6
SS1617819327581,11,complex_dissimilar,5,background,background,complex,complex_20_A,785.5549999999348,second half,2,background,3,6
SS1617819327581,11,complex_dissimilar,6,dissimilar deviant,deviant,complex,complex_19_A,940.3699999998207,second half,2,second_deviant,3,6
SS1617819401748,0,simple_dissimilar,1,background,background,simple,simple_10_A,5386.314999996102,first half,2,background,2,4
SS1617819401748,0,simple_dissimilar,2,dissimilar deviant,deviant,simple,simple_17_A,4258.960000006482,first half,2,first_deviant,2,4
SS1617819401748,0,simple_dissimilar,3,background,background,simple,simple_10_A,2269.6799999976065,first half,2,background,2,4
SS1617819401748,0,simple_dissimilar,4,dissimilar deviant,deviant,simple,simple_17_A,2254.335000005085,first half,2,second_deviant,2,4
SS1617819401748,1,simple_dissimilar,1,background,background,simple,simple_16_A,4134.969999999157,first half,2,background,2,6
SS1617819401748,1,simple_dissimilar,2,dissimilar deviant,deviant,simple,simple_10_A,5400.349999996251,first half,2,first_deviant,2,6
SS1617819401748,1,simple_dissimilar,3,background,background,simple,simple_16_A,4237.065000008442,first half,2,background,2,6
SS1617819401748,1,simple_dissimilar,4,background,background,simple,simple_16_A,3728.965000002063,first half,2,background,2,6
SS1617819401748,1,simple_dissimilar,5,background,background,simple,simple_16_A,2801.2500000040745,first half,2,background,2,6
SS1617819401748,1,simple_dissimilar,6,dissimilar deviant,deviant,simple,simple_10_A,2255.279999997583,first half,2,second_deviant,2,6
SS1617819401748,2,simple_dissimilar,1,background,background,simple,simple_14_A,3666.125000003376,first half,0,background,NA,NA
SS1617819401748,2,simple_dissimilar,2,background,background,simple,simple_14_A,3601.3499999971827,first half,0,background,NA,NA
SS1617819401748,2,simple_dissimilar,3,background,background,simple,simple_14_A,1822.5650000094902,first half,0,background,NA,NA
SS1617819401748,2,simple_dissimilar,4,background,background,simple,simple_14_A,876.5299999940908,first half,0,background,NA,NA
SS1617819401748,2,simple_dissimilar,5,background,background,simple,simple_14_A,1027.314999999362,first half,0,background,NA,NA
SS1617819401748,3,complex_dissimilar,1,background,background,complex,complex_06_A,3289.535000003525,first half,1,background,5,NA
SS1617819401748,3,complex_dissimilar,2,background,background,complex,complex_06_A,4545.499999992899,first half,1,background,5,NA
SS1617819401748,3,complex_dissimilar,3,background,background,complex,complex_06_A,3974.629999996978,first half,1,background,5,NA
SS1617819401748,3,complex_dissimilar,4,background,background,complex,complex_06_A,1372.0699999976205,first half,1,background,5,NA
SS1617819401748,3,complex_dissimilar,5,dissimilar deviant,deviant,complex,complex_15_A,8281.110000010813,first half,1,first_deviant,5,NA
SS1617819401748,3,complex_dissimilar,6,background,background,complex,complex_06_A,4193.3699999935925,first half,1,background,5,NA
SS1617819401748,4,simple_dissimilar,1,background,background,simple,simple_20_A,3411.2699999968754,first half,0,background,NA,NA
SS1617819401748,4,simple_dissimilar,2,background,background,simple,simple_20_A,3007.710000005318,first half,0,background,NA,NA
SS1617819401748,4,simple_dissimilar,3,background,background,simple,simple_20_A,2623.429999992368,first half,0,background,NA,NA
SS1617819401748,4,simple_dissimilar,4,background,background,simple,simple_20_A,1814.3200000049546,first half,0,background,NA,NA
SS1617819401748,4,simple_dissimilar,5,background,background,simple,simple_20_A,1254.239999994752,first half,0,background,NA,NA
SS1617819401748,4,simple_dissimilar,6,background,background,simple,simple_20_A,2636.900000012247,first half,0,background,NA,NA
SS1617819401748,5,complex_dissimilar,1,background,background,complex,complex_14_A,6454.430000012508,first half,0,background,NA,NA
SS1617819401748,5,complex_dissimilar,2,background,background,complex,complex_14_A,4716.625000000931,first half,0,background,NA,NA
SS1617819401748,5,complex_dissimilar,3,background,background,complex,complex_14_A,3080.535000000964,first half,0,background,NA,NA
SS1617819401748,5,complex_dissimilar,4,background,background,complex,complex_14_A,1544.449999986682,first half,0,background,NA,NA
SS1617819401748,6,simple_dissimilar,1,background,background,simple,simple_13_A,3132.3600000032457,second half,2,background,2,5
SS1617819401748,6,simple_dissimilar,2,dissimilar deviant,deviant,simple,simple_04_A,1392.3999999969965,second half,2,first_deviant,2,5
SS1617819401748,6,simple_dissimilar,3,background,background,simple,simple_13_A,2846.6849999967963,second half,2,background,2,5
SS1617819401748,6,simple_dissimilar,4,background,background,simple,simple_13_A,2677.9499999975087,second half,2,background,2,5
SS1617819401748,6,simple_dissimilar,5,dissimilar deviant,deviant,simple,simple_04_A,4094.539999990957,second half,2,second_deviant,2,5
SS1617819401748,7,complex_dissimilar,1,background,background,complex,complex_14_A,3734.1750000050524,second half,0,background,NA,NA
SS1617819401748,7,complex_dissimilar,2,background,background,complex,complex_14_A,866.5500000061002,second half,0,background,NA,NA
SS1617819401748,7,complex_dissimilar,3,background,background,complex,complex_14_A,2072.5749999983236,second half,0,background,NA,NA
SS1617819401748,7,complex_dissimilar,4,background,background,complex,complex_14_A,792.6449999940814,second half,0,background,NA,NA
SS1617819401748,7,complex_dissimilar,5,background,background,complex,complex_14_A,1691.739999994752,second half,0,background,NA,NA
SS1617819401748,8,complex_dissimilar,1,background,background,complex,complex_12_A,6548.714999997173,second half,0,background,NA,NA
SS1617819401748,8,complex_dissimilar,2,background,background,complex,complex_12_A,3684.285000010277,second half,0,background,NA,NA
SS1617819401748,8,complex_dissimilar,3,background,background,complex,complex_12_A,5157.9449999990175,second half,0,background,NA,NA
SS1617819401748,8,complex_dissimilar,4,background,background,complex,complex_12_A,1149.7650000092108,second half,0,background,NA,NA
SS1617819401748,8,complex_dissimilar,5,background,background,complex,complex_12_A,2961.0850000026403,second half,0,background,NA,NA
SS1617819401748,8,complex_dissimilar,6,background,background,complex,complex_12_A,2568.8050000026124,second half,0,background,NA,NA
SS1617819401748,9,simple_dissimilar,1,background,background,simple,simple_06_A,3168.2900000014342,second half,0,background,NA,NA
SS1617819401748,9,simple_dissimilar,2,background,background,simple,simple_06_A,345.3050000098301,second half,0,background,NA,NA
SS1617819401748,9,simple_dissimilar,3,background,background,simple,simple_06_A,1697.1099999936996,second half,0,background,NA,NA
SS1617819401748,9,simple_dissimilar,4,background,background,simple,simple_06_A,1049.7550000000047,second half,0,background,NA,NA
SS1617819401748,9,simple_dissimilar,5,background,background,simple,simple_06_A,2218.1500000006054,second half,0,background,NA,NA
SS1617819401748,9,simple_dissimilar,6,background,background,simple,simple_06_A,2202.7349999989383,second half,0,background,NA,NA
SS1617819401748,10,complex_dissimilar,1,background,background,complex,complex_20_A,4230.454999997164,second half,2,background,2,3
SS1617819401748,10,complex_dissimilar,2,dissimilar deviant,deviant,complex,complex_01_A,4249.649999997928,second half,2,first_deviant,2,3
SS1617819401748,10,complex_dissimilar,3,dissimilar deviant,deviant,complex,complex_01_A,4358.924999993178,second half,2,second_deviant,2,3
SS1617819401748,10,complex_dissimilar,4,background,background,complex,complex_20_A,2721.514999997453,second half,2,background,2,3
SS1617819401748,10,complex_dissimilar,5,background,background,complex,complex_20_A,604.5599999924889,second half,2,background,2,3
SS1617819401748,10,complex_dissimilar,6,background,background,complex,complex_20_A,2503.6349999863887,second half,2,background,2,3
SS1617819401748,11,complex_dissimilar,1,background,background,complex,complex_19_A,5162.645000003977,second half,0,background,NA,NA
SS1617819401748,11,complex_dissimilar,2,background,background,complex,complex_19_A,419.579999987036,second half,0,background,NA,NA
SS1617819401748,11,complex_dissimilar,3,background,background,complex,complex_19_A,992.3100000014529,second half,0,background,NA,NA
SS1617819401748,11,complex_dissimilar,4,background,background,complex,complex_19_A,2970.900000000256,second half,0,background,NA,NA
SS1617819401748,11,complex_dissimilar,5,background,background,complex,complex_19_A,476.9700000033481,second half,0,background,NA,NA
SS1617819401748,11,complex_dissimilar,6,background,background,complex,complex_19_A,205.66500000131782,second half,0,background,NA,NA
SS1617819409100,0,complex_dissimilar,1,background,background,complex,complex_09_A,835.0949999985751,first half,1,background,5,NA
SS1617819409100,0,complex_dissimilar,2,background,background,complex,complex_09_A,609.440000000177,first half,1,background,5,NA
SS1617819409100,0,complex_dissimilar,3,background,background,complex,complex_09_A,518.420000000333,first half,1,background,5,NA
SS1617819409100,0,complex_dissimilar,4,background,background,complex,complex_09_A,434.9249999995809,first half,1,background,5,NA
SS1617819409100,0,complex_dissimilar,5,dissimilar deviant,deviant,complex,complex_18_A,1272.580000000773,first half,1,first_deviant,5,NA
SS1617819409100,1,simple_dissimilar,1,background,background,simple,simple_07_A,3079.0799999994924,first half,0,background,NA,NA
SS1617819409100,1,simple_dissimilar,3,background,background,simple,simple_07_A,1257.144999999553,first half,0,background,NA,NA
SS1617819409100,1,simple_dissimilar,4,background,background,simple,simple_07_A,413.9799999992829,first half,0,background,NA,NA
SS1617819409100,2,simple_dissimilar,1,background,background,simple,simple_03_A,359.67999999958556,first half,2,background,4,6
SS1617819409100,2,simple_dissimilar,2,background,background,simple,simple_03_A,313.45499999960884,first half,2,background,4,6
SS1617819409100,2,simple_dissimilar,3,background,background,simple,simple_03_A,369.1849999994738,first half,2,background,4,6
SS1617819409100,2,simple_dissimilar,4,dissimilar deviant,deviant,simple,simple_08_A,528.495000000461,first half,2,first_deviant,4,6
SS1617819409100,2,simple_dissimilar,5,background,background,simple,simple_03_A,352.85000000114087,first half,2,background,4,6
SS1617819409100,2,simple_dissimilar,6,dissimilar deviant,deviant,simple,simple_08_A,324.41499999922235,first half,2,second_deviant,4,6
SS1617819409100,3,complex_dissimilar,1,background,background,complex,complex_08_A,321.26500000047963,first half,0,background,NA,NA
SS1617819409100,3,complex_dissimilar,2,background,background,complex,complex_08_A,461.69000000006054,first half,0,background,NA,NA
SS1617819409100,3,complex_dissimilar,3,background,background,complex,complex_08_A,346.6749999988824,first half,0,background,NA,NA
SS1617819409100,3,complex_dissimilar,4,background,background,complex,complex_08_A,460.75500000000466,first half,0,background,NA,NA
SS1617819409100,4,simple_dissimilar,1,background,background,simple,simple_13_A,583.4049999993294,first half,2,background,4,5
SS1617819409100,4,simple_dissimilar,2,background,background,simple,simple_13_A,423.76999999943655,first half,2,background,4,5
SS1617819409100,4,simple_dissimilar,3,background,background,simple,simple_13_A,501.3150000013411,first half,2,background,4,5
SS1617819409100,4,simple_dissimilar,4,dissimilar deviant,deviant,simple,simple_01_A,657.9999999994179,first half,2,first_deviant,4,5
SS1617819409100,4,simple_dissimilar,5,dissimilar deviant,deviant,simple,simple_01_A,917.6950000000652,first half,2,second_deviant,4,5
SS1617819409100,5,complex_dissimilar,1,background,background,complex,complex_02_A,568.0450000000419,first half,0,background,NA,NA
SS1617819409100,5,complex_dissimilar,2,background,background,complex,complex_02_A,731.6599999994505,first half,0,background,NA,NA
SS1617819409100,5,complex_dissimilar,3,background,background,complex,complex_02_A,437.4900000002235,first half,0,background,NA,NA
SS1617819409100,5,complex_dissimilar,4,background,background,complex,complex_02_A,324.8000000003958,first half,0,background,NA,NA
SS1617819409100,6,simple_dissimilar,1,background,background,simple,simple_13_A,338.12500000023283,second half,0,background,NA,NA
SS1617819409100,6,simple_dissimilar,2,background,background,simple,simple_13_A,205.42000000027474,second half,0,background,NA,NA
SS1617819409100,6,simple_dissimilar,3,background,background,simple,simple_13_A,268.43499999993946,second half,0,background,NA,NA
SS1617819409100,6,simple_dissimilar,4,background,background,simple,simple_13_A,360.4099999993341,second half,0,background,NA,NA
SS1617819409100,6,simple_dissimilar,5,background,background,simple,simple_13_A,854.6600000008475,second half,0,background,NA,NA
SS1617819409100,7,complex_dissimilar,1,background,background,complex,complex_13_A,81.62000000081025,second half,0,background,NA,NA
SS1617819409100,7,complex_dissimilar,2,background,background,complex,complex_13_A,438.82000000122935,second half,0,background,NA,NA
SS1617819409100,7,complex_dissimilar,3,background,background,complex,complex_13_A,279.26499999919906,second half,0,background,NA,NA
SS1617819409100,7,complex_dissimilar,4,background,background,complex,complex_13_A,380.98999999964144,second half,0,background,NA,NA
SS1617819409100,7,complex_dissimilar,5,background,background,complex,complex_13_A,383.2250000013737,second half,0,background,NA,NA
SS1617819409100,7,complex_dissimilar,6,background,background,complex,complex_13_A,348.32999999891035,second half,0,background,NA,NA
SS1617819409100,8,simple_dissimilar,1,background,background,simple,simple_05_A,325.32999999972526,second half,0,background,NA,NA
SS1617819409100,8,simple_dissimilar,2,background,background,simple,simple_05_A,207.1600000000326,second half,0,background,NA,NA
SS1617819409100,8,simple_dissimilar,3,background,background,simple,simple_05_A,330.7499999990687,second half,0,background,NA,NA
SS1617819409100,8,simple_dissimilar,4,background,background,simple,simple_05_A,484.9650000014808,second half,0,background,NA,NA
SS1617819409100,8,simple_dissimilar,5,background,background,simple,simple_05_A,412.01499999989755,second half,0,background,NA,NA
SS1617819409100,9,simple_dissimilar,1,background,background,simple,simple_11_A,347.3950000007171,second half,0,background,NA,NA
SS1617819409100,9,simple_dissimilar,2,background,background,simple,simple_11_A,302.3450000000885,second half,0,background,NA,NA
SS1617819409100,9,simple_dissimilar,3,background,background,simple,simple_11_A,327.9949999996461,second half,0,background,NA,NA
SS1617819409100,9,simple_dissimilar,4,background,background,simple,simple_11_A,566.104999999865,second half,0,background,NA,NA
SS1617819409100,9,simple_dissimilar,5,background,background,simple,simple_11_A,382.364999999525,second half,0,background,NA,NA
SS1617819409100,10,complex_dissimilar,1,background,background,complex,complex_20_A,362.1999999994878,second half,0,background,NA,NA
SS1617819409100,10,complex_dissimilar,2,background,background,complex,complex_20_A,352.24499999999534,second half,0,background,NA,NA
SS1617819409100,10,complex_dissimilar,3,background,background,complex,complex_20_A,512.5250000000233,second half,0,background,NA,NA
SS1617819409100,10,complex_dissimilar,4,background,background,complex,complex_20_A,426.47500000020955,second half,0,background,NA,NA
SS1617819409100,10,complex_dissimilar,5,background,background,complex,complex_20_A,403.5800000000745,second half,0,background,NA,NA
SS1617819409100,10,complex_dissimilar,6,background,background,complex,complex_20_A,414.05999999912456,second half,0,background,NA,NA
SS1617819409100,11,complex_dissimilar,1,background,background,complex,complex_05_A,238.1299999996554,second half,0,background,NA,NA
SS1617819409100,11,complex_dissimilar,2,background,background,complex,complex_05_A,143.70500000042375,second half,0,background,NA,NA
SS1617819409100,11,complex_dissimilar,3,background,background,complex,complex_05_A,671.9300000004005,second half,0,background,NA,NA
SS1617819409100,11,complex_dissimilar,4,background,background,complex,complex_05_A,157.2350000005681,second half,0,background,NA,NA
SS1617819409100,11,complex_dissimilar,5,background,background,complex,complex_05_A,489.8599999996368,second half,0,background,NA,NA
SS1617819464244,0,simple_dissimilar,1,background,background,simple,simple_04_A,4165.7150000100955,first half,0,background,NA,NA
SS1617819464244,0,simple_dissimilar,2,background,background,simple,simple_04_A,3857.850000000326,first half,0,background,NA,NA
SS1617819464244,0,simple_dissimilar,3,background,background,simple,simple_04_A,2585.465000011027,first half,0,background,NA,NA
SS1617819464244,0,simple_dissimilar,4,background,background,simple,simple_04_A,10958.33500000299,first half,0,background,NA,NA
SS1617819464244,0,simple_dissimilar,5,background,background,simple,simple_04_A,940.3250000032131,first half,0,background,NA,NA
SS1617819464244,1,complex_dissimilar,1,background,background,complex,complex_11_A,2347.9850000003353,first half,2,background,3,6
SS1617819464244,1,complex_dissimilar,2,background,background,complex,complex_11_A,3399.8850000061793,first half,2,background,3,6
SS1617819464244,1,complex_dissimilar,3,dissimilar deviant,deviant,complex,complex_04_A,2947.50500000373,first half,2,first_deviant,3,6
SS1617819464244,1,complex_dissimilar,4,background,background,complex,complex_11_A,1590.1149999990594,first half,2,background,3,6
SS1617819464244,1,complex_dissimilar,5,background,background,complex,complex_11_A,1578.4249999996973,first half,2,background,3,6
SS1617819464244,1,complex_dissimilar,6,dissimilar deviant,deviant,complex,complex_04_A,1336.9300000049407,first half,2,second_deviant,3,6
SS1617819464244,2,complex_dissimilar,1,background,background,complex,complex_16_A,1417.0499999891035,first half,0,background,NA,NA
SS1617819464244,2,complex_dissimilar,2,background,background,complex,complex_16_A,415.45999998925254,first half,0,background,NA,NA
SS1617819464244,2,complex_dissimilar,3,background,background,complex,complex_16_A,821.8050000141375,first half,0,background,NA,NA
SS1617819464244,2,complex_dissimilar,4,background,background,complex,complex_16_A,369.9449999985518,first half,0,background,NA,NA
SS1617819464244,3,simple_dissimilar,1,background,background,simple,simple_07_A,1559.9050000018906,first half,0,background,NA,NA
SS1617819464244,3,simple_dissimilar,2,background,background,simple,simple_07_A,1365.4950000054669,first half,0,background,NA,NA
SS1617819464244,3,simple_dissimilar,3,background,background,simple,simple_07_A,963.8850000046659,first half,0,background,NA,NA
SS1617819464244,3,simple_dissimilar,4,background,background,simple,simple_07_A,614.3549999978859,first half,0,background,NA,NA
SS1617819464244,3,simple_dissimilar,5,background,background,simple,simple_07_A,863.5350000113249,first half,0,background,NA,NA
SS1617819464244,3,simple_dissimilar,6,background,background,simple,simple_07_A,452.96999999845866,first half,0,background,NA,NA
SS1617819464244,4,complex_dissimilar,1,background,background,complex,complex_11_A,1944.725000008475,first half,0,background,NA,NA
SS1617819464244,4,complex_dissimilar,2,background,background,complex,complex_11_A,3938.739999997779,first half,0,background,NA,NA
SS1617819464244,4,complex_dissimilar,3,background,background,complex,complex_11_A,2058.6099999927683,first half,0,background,NA,NA
SS1617819464244,4,complex_dissimilar,4,background,background,complex,complex_11_A,1390.2250000101048,first half,0,background,NA,NA
SS1617819464244,4,complex_dissimilar,5,background,background,complex,complex_11_A,935.4299999977229,first half,0,background,NA,NA
SS1617819464244,5,simple_dissimilar,1,background,background,simple,simple_02_A,1697.06999999471,first half,2,background,2,3
SS1617819464244,5,simple_dissimilar,2,dissimilar deviant,deviant,simple,simple_19_A,652.9699999955483,first half,2,first_deviant,2,3
SS1617819464244,5,simple_dissimilar,3,dissimilar deviant,deviant,simple,simple_19_A,1173.000000009779,first half,2,second_deviant,2,3
SS1617819464244,5,simple_dissimilar,4,background,background,simple,simple_02_A,1288.314999997965,first half,2,background,2,3
SS1617819464244,6,complex_dissimilar,1,background,background,complex,complex_16_A,6795.964999997523,second half,1,background,2,NA
SS1617819464244,6,complex_dissimilar,2,dissimilar deviant,deviant,complex,complex_15_A,1450.1100000052247,second half,1,first_deviant,2,NA
SS1617819464244,6,complex_dissimilar,3,background,background,complex,complex_16_A,1972.6599999994505,second half,1,background,2,NA
SS1617819464244,6,complex_dissimilar,4,background,background,complex,complex_16_A,2589.090000008582,second half,1,background,2,NA
SS1617819464244,6,complex_dissimilar,5,background,background,complex,complex_16_A,2901.9249999983003,second half,1,background,2,NA
SS1617819464244,7,complex_dissimilar,1,background,background,complex,complex_07_A,1302.48000001302,second half,0,background,NA,NA
SS1617819464244,7,complex_dissimilar,2,background,background,complex,complex_07_A,676.7499999987194,second half,0,background,NA,NA
SS1617819464244,7,complex_dissimilar,3,background,background,complex,complex_07_A,722.0850000012433,second half,0,background,NA,NA
SS1617819464244,7,complex_dissimilar,4,background,background,complex,complex_07_A,1053.3850000065286,second half,0,background,NA,NA
SS1617819464244,8,simple_dissimilar,1,background,background,simple,simple_03_A,2516.619999994873,second half,2,background,3,5
SS1617819464244,8,simple_dissimilar,2,background,background,simple,simple_03_A,621.274999997695,second half,2,background,3,5
SS1617819464244,8,simple_dissimilar,3,dissimilar deviant,deviant,simple,simple_09_A,2824.07499999681,second half,2,first_deviant,3,5
SS1617819464244,8,simple_dissimilar,4,background,background,simple,simple_03_A,1132.2649999929126,second half,2,background,3,5
SS1617819464244,8,simple_dissimilar,5,dissimilar deviant,deviant,simple,simple_09_A,2285.2100000018254,second half,2,second_deviant,3,5
SS1617819464244,8,simple_dissimilar,6,background,background,simple,simple_03_A,1610.0199999928009,second half,2,background,3,5
SS1617819464244,9,simple_dissimilar,1,background,background,simple,simple_19_A,2089.204999996582,second half,1,background,2,NA
SS1617819464244,9,simple_dissimilar,2,dissimilar deviant,deviant,simple,simple_12_A,3312.950000006822,second half,1,first_deviant,2,NA
SS1617819464244,9,simple_dissimilar,3,background,background,simple,simple_19_A,651.2300000031246,second half,1,background,2,NA
SS1617819464244,9,simple_dissimilar,4,background,background,simple,simple_19_A,399.24499999324325,second half,1,background,2,NA
SS1617819464244,9,simple_dissimilar,5,background,background,simple,simple_19_A,497.2600000037346,second half,1,background,2,NA
SS1617819464244,9,simple_dissimilar,6,background,background,simple,simple_19_A,505.0000000046566,second half,1,background,2,NA
SS1617819464244,10,simple_dissimilar,1,background,background,simple,simple_11_A,1106.6700000083074,second half,1,background,2,NA
SS1617819464244,10,simple_dissimilar,2,dissimilar deviant,deviant,simple,simple_06_A,986.2750000029337,second half,1,first_deviant,2,NA
SS1617819464244,10,simple_dissimilar,3,background,background,simple,simple_11_A,629.5149999932619,second half,1,background,2,NA
SS1617819464244,10,simple_dissimilar,4,background,background,simple,simple_11_A,347.9749999969499,second half,1,background,2,NA
SS1617819464244,11,complex_dissimilar,1,background,background,complex,complex_01_A,1518.5900000069523,second half,1,background,6,NA
SS1617819464244,11,complex_dissimilar,2,background,background,complex,complex_01_A,537.3499999986961,second half,1,background,6,NA
SS1617819464244,11,complex_dissimilar,3,background,background,complex,complex_01_A,280.80000000773,second half,1,background,6,NA
SS1617819464244,11,complex_dissimilar,4,background,background,complex,complex_01_A,244.58500000764616,second half,1,background,6,NA
SS1617819464244,11,complex_dissimilar,5,background,background,complex,complex_01_A,61.47000000055414,second half,1,background,6,NA
SS1617819464244,11,complex_dissimilar,6,dissimilar deviant,deviant,complex,complex_15_A,353.54999999981374,second half,1,first_deviant,6,NA
SS1617819495716,0,simple_dissimilar,1,background,background,simple,simple_16_A,3034.170000028098,first half,1,background,2,NA
SS1617819495716,0,simple_dissimilar,2,dissimilar deviant,deviant,simple,simple_13_A,5036.174999986542,first half,1,first_deviant,2,NA
SS1617819495716,0,simple_dissimilar,3,background,background,simple,simple_16_A,1311.9249999872409,first half,1,background,2,NA
SS1617819495716,0,simple_dissimilar,4,background,background,simple,simple_16_A,1436.8449999892619,first half,1,background,2,NA
SS1617819495716,1,complex_dissimilar,1,background,background,complex,complex_03_A,1808.7899999809451,first half,1,background,2,NA
SS1617819495716,1,complex_dissimilar,2,dissimilar deviant,deviant,complex,complex_09_A,3259.89000001573,first half,1,first_deviant,2,NA
SS1617819495716,1,complex_dissimilar,3,background,background,complex,complex_03_A,2169.8400000168476,first half,1,background,2,NA
SS1617819495716,1,complex_dissimilar,4,background,background,complex,complex_03_A,4912.864999991143,first half,1,background,2,NA
SS1617819495716,1,complex_dissimilar,5,background,background,complex,complex_03_A,1592.6500000059605,first half,1,background,2,NA
SS1617819495716,2,simple_dissimilar,1,background,background,simple,simple_05_A,6817.219999997178,first half,0,background,NA,NA
SS1617819495716,2,simple_dissimilar,2,background,background,simple,simple_05_A,4046.5100000146776,first half,0,background,NA,NA
SS1617819495716,2,simple_dissimilar,3,background,background,simple,simple_05_A,2617.5100000109524,first half,0,background,NA,NA
SS1617819495716,2,simple_dissimilar,4,background,background,simple,simple_05_A,2553.1649999902584,first half,0,background,NA,NA
SS1617819495716,2,simple_dissimilar,5,background,background,simple,simple_05_A,2925.7499999948777,first half,0,background,NA,NA
SS1617819495716,2,simple_dissimilar,6,background,background,simple,simple_05_A,2346.799999999348,first half,0,background,NA,NA
SS1617819495716,3,simple_dissimilar,1,background,background,simple,simple_19_A,4060.9950000070967,first half,1,background,4,NA
SS1617819495716,3,simple_dissimilar,2,background,background,simple,simple_19_A,3080.164999992121,first half,1,background,4,NA
SS1617819495716,3,simple_dissimilar,3,background,background,simple,simple_19_A,3393.36999997613,first half,1,background,4,NA
SS1617819495716,3,simple_dissimilar,4,dissimilar deviant,deviant,simple,simple_02_A,4081.304999999702,first half,1,first_deviant,4,NA
SS1617819495716,3,simple_dissimilar,5,background,background,simple,simple_19_A,2360.4749999940395,first half,1,background,4,NA
SS1617819495716,4,complex_dissimilar,1,background,background,complex,complex_11_A,2628.4299999824725,first half,2,background,3,4
SS1617819495716,4,complex_dissimilar,2,background,background,complex,complex_11_A,3347.249999991618,first half,2,background,3,4
SS1617819495716,4,complex_dissimilar,3,dissimilar deviant,deviant,complex,complex_09_A,4036.840000015218,first half,2,first_deviant,3,4
SS1617819495716,4,complex_dissimilar,4,dissimilar deviant,deviant,complex,complex_09_A,3823.7349999835715,first half,2,second_deviant,3,4
SS1617819495716,4,complex_dissimilar,5,background,background,complex,complex_11_A,1178.490000020247,first half,2,background,3,4
SS1617819495716,5,simple_dissimilar,1,background,background,simple,simple_04_A,1006.920000014361,first half,1,background,5,NA
SS1617819495716,5,simple_dissimilar,2,background,background,simple,simple_04_A,3785.3849999955855,first half,1,background,5,NA
SS1617819495716,5,simple_dissimilar,3,background,background,simple,simple_04_A,1976.139999984298,first half,1,background,5,NA
SS1617819495716,5,simple_dissimilar,4,background,background,simple,simple_04_A,2394.2950000055134,first half,1,background,5,NA
SS1617819495716,5,simple_dissimilar,5,dissimilar deviant,deviant,simple,simple_10_A,704.4149999856018,first half,1,first_deviant,5,NA
SS1617819495716,6,complex_dissimilar,1,background,background,complex,complex_02_A,2073.9600000088103,second half,2,background,4,6
SS1617819495716,6,complex_dissimilar,2,background,background,complex,complex_02_A,1407.7399999951012,second half,2,background,4,6
SS1617819495716,6,complex_dissimilar,3,background,background,complex,complex_02_A,2261.050000000978,second half,2,background,4,6
SS1617819495716,6,complex_dissimilar,4,dissimilar deviant,deviant,complex,complex_19_A,2730.749999987893,second half,2,first_deviant,4,6
SS1617819495716,6,complex_dissimilar,5,background,background,complex,complex_02_A,2074.209999991581,second half,2,background,4,6
SS1617819495716,6,complex_dissimilar,6,dissimilar deviant,deviant,complex,complex_19_A,2392.7200000034645,second half,2,second_deviant,4,6
SS1617819495716,7,complex_dissimilar,1,background,background,complex,complex_11_A,1774.0599999960978,second half,2,background,2,5
SS1617819495716,7,complex_dissimilar,2,dissimilar deviant,deviant,complex,complex_04_A,3148.574999999255,second half,2,first_deviant,2,5
SS1617819495716,7,complex_dissimilar,3,background,background,complex,complex_11_A,2422.6849999977276,second half,2,background,2,5
SS1617819495716,7,complex_dissimilar,4,background,background,complex,complex_11_A,466.61000000312924,second half,2,background,2,5
SS1617819495716,7,complex_dissimilar,5,dissimilar deviant,deviant,complex,complex_04_A,755.2799999830313,second half,2,second_deviant,2,5
SS1617819495716,7,complex_dissimilar,6,background,background,complex,complex_11_A,1308.2500000018626,second half,2,background,2,5
SS1617819495716,8,simple_dissimilar,1,background,background,simple,simple_07_A,2870.7500000018626,second half,1,background,6,NA
SS1617819495716,8,simple_dissimilar,2,background,background,simple,simple_07_A,2353.754999989178,second half,1,background,6,NA
SS1617819495716,8,simple_dissimilar,3,background,background,simple,simple_07_A,2081.4050000044517,second half,1,background,6,NA
SS1617819495716,8,simple_dissimilar,4,background,background,simple,simple_07_A,1381.4950000087265,second half,1,background,6,NA
SS1617819495716,8,simple_dissimilar,5,background,background,simple,simple_07_A,1819.0250000043306,second half,1,background,6,NA
SS1617819495716,8,simple_dissimilar,6,dissimilar deviant,deviant,simple,simple_09_A,1886.3950000086334,second half,1,first_deviant,6,NA
SS1617819495716,9,simple_dissimilar,1,background,background,simple,simple_03_A,2114.1249999927823,second half,1,background,5,NA
SS1617819495716,9,simple_dissimilar,2,background,background,simple,simple_03_A,1362.5949999841396,second half,1,background,5,NA
SS1617819495716,9,simple_dissimilar,3,background,background,simple,simple_03_A,2045.2550000045449,second half,1,background,5,NA
SS1617819495716,9,simple_dissimilar,4,background,background,simple,simple_03_A,2373.0149999901187,second half,1,background,5,NA
SS1617819495716,9,simple_dissimilar,5,dissimilar deviant,deviant,simple,simple_17_A,2650.6049999734387,second half,1,first_deviant,5,NA
SS1617819495716,10,complex_dissimilar,1,background,background,complex,complex_15_A,3082.5999999942724,second half,0,background,NA,NA
SS1617819495716,10,complex_dissimilar,2,background,background,complex,complex_15_A,1384.684999997262,second half,0,background,NA,NA
SS1617819495716,10,complex_dissimilar,3,background,background,complex,complex_15_A,1147.8099999949336,second half,0,background,NA,NA
SS1617819495716,10,complex_dissimilar,4,background,background,complex,complex_15_A,1800.3700000117533,second half,0,background,NA,NA
SS1617819495716,10,complex_dissimilar,5,background,background,complex,complex_15_A,1321.0050000052433,second half,0,background,NA,NA
SS1617819495716,10,complex_dissimilar,6,background,background,complex,complex_15_A,1671.9600000069477,second half,0,background,NA,NA
SS1617819495716,11,complex_dissimilar,1,background,background,complex,complex_13_A,3355.115000013029,second half,1,background,5,NA
SS1617819495716,11,complex_dissimilar,2,background,background,complex,complex_13_A,2639.2349999805447,second half,1,background,5,NA
SS1617819495716,11,complex_dissimilar,3,background,background,complex,complex_13_A,1585.5049999954645,second half,1,background,5,NA
SS1617819495716,11,complex_dissimilar,4,background,background,complex,complex_13_A,2311.1550000030547,second half,1,background,5,NA
SS1617819495716,11,complex_dissimilar,5,dissimilar deviant,deviant,complex,complex_07_A,6526.3449999911245,second half,1,first_deviant,5,NA
SS1617819543549,0,simple_dissimilar,1,background,background,simple,simple_07_A,2295.094999994035,first half,2,background,2,6
SS1617819543549,0,simple_dissimilar,2,dissimilar deviant,deviant,simple,simple_19_A,3709.2150000098627,first half,2,first_deviant,2,6
SS1617819543549,0,simple_dissimilar,3,background,background,simple,simple_07_A,2264.2999999952735,first half,2,background,2,6
SS1617819543549,0,simple_dissimilar,4,background,background,simple,simple_07_A,1174.444999996922,first half,2,background,2,6
SS1617819543549,0,simple_dissimilar,5,background,background,simple,simple_07_A,1462.6550000102725,first half,2,background,2,6
SS1617819543549,0,simple_dissimilar,6,dissimilar deviant,deviant,simple,simple_19_A,4507.284999999683,first half,2,second_deviant,2,6
SS1617819543549,1,complex_dissimilar,1,background,background,complex,complex_10_A,6357.709999996587,first half,0,background,NA,NA
SS1617819543549,1,complex_dissimilar,2,background,background,complex,complex_10_A,4594.430000011926,first half,0,background,NA,NA
SS1617819543549,1,complex_dissimilar,3,background,background,complex,complex_10_A,3663.0050000094343,first half,0,background,NA,NA
SS1617819543549,1,complex_dissimilar,4,background,background,complex,complex_10_A,2314.9450000055367,first half,0,background,NA,NA
SS1617819543549,2,simple_dissimilar,1,background,background,simple,simple_04_A,5664.170000003651,first half,0,background,NA,NA
SS1617819543549,2,simple_dissimilar,2,background,background,simple,simple_04_A,3478.799999997136,first half,0,background,NA,NA
SS1617819543549,2,simple_dissimilar,3,background,background,simple,simple_04_A,1990.315000002738,first half,0,background,NA,NA
SS1617819543549,2,simple_dissimilar,4,background,background,simple,simple_04_A,2140.1550000009593,first half,0,background,NA,NA
SS1617819543549,2,simple_dissimilar,5,background,background,simple,simple_04_A,2189.3700000073295,first half,0,background,NA,NA
SS1617819543549,3,simple_dissimilar,1,background,background,simple,simple_02_A,2650.450000001001,first half,1,background,2,NA
SS1617819543549,3,simple_dissimilar,2,dissimilar deviant,deviant,simple,simple_04_A,4058.245000007446,first half,1,first_deviant,2,NA
SS1617819543549,3,simple_dissimilar,3,background,background,simple,simple_02_A,2023.8249999965774,first half,1,background,2,NA
SS1617819543549,3,simple_dissimilar,4,background,background,simple,simple_02_A,1730.8950000006007,first half,1,background,2,NA
SS1617819543549,4,complex_dissimilar,1,background,background,complex,complex_14_A,6512.140000006184,first half,1,background,5,NA
SS1617819543549,4,complex_dissimilar,2,background,background,complex,complex_14_A,1652.8049999906216,first half,1,background,5,NA
SS1617819543549,4,complex_dissimilar,3,background,background,complex,complex_14_A,6039.060000010068,first half,1,background,5,NA
SS1617819543549,4,complex_dissimilar,4,background,background,complex,complex_14_A,3382.324999998673,first half,1,background,5,NA
SS1617819543549,4,complex_dissimilar,5,dissimilar deviant,deviant,complex,complex_15_A,7906.969999996363,first half,1,first_deviant,5,NA
SS1617819543549,5,complex_dissimilar,1,background,background,complex,complex_15_A,6360.0250000017695,first half,1,background,5,NA
SS1617819543549,5,complex_dissimilar,2,background,background,complex,complex_15_A,3398.8700000045355,first half,1,background,5,NA
SS1617819543549,5,complex_dissimilar,3,background,background,complex,complex_15_A,5155.944999991334,first half,1,background,5,NA
SS1617819543549,5,complex_dissimilar,4,background,background,complex,complex_15_A,3908.9999999996508,first half,1,background,5,NA
SS1617819543549,5,complex_dissimilar,5,dissimilar deviant,deviant,complex,complex_20_A,6643.630000005942,first half,1,first_deviant,5,NA
SS1617819543549,6,simple_dissimilar,1,background,background,simple,simple_06_A,3002.6399999915157,second half,0,background,NA,NA
SS1617819543549,6,simple_dissimilar,2,background,background,simple,simple_06_A,2278.569999994943,second half,0,background,NA,NA
SS1617819543549,6,simple_dissimilar,3,background,background,simple,simple_06_A,2041.3450000050943,second half,0,background,NA,NA
SS1617819543549,6,simple_dissimilar,4,background,background,simple,simple_06_A,1041.960000002291,second half,0,background,NA,NA
SS1617819543549,7,complex_dissimilar,1,background,background,complex,complex_19_A,8999.244999999064,second half,1,background,6,NA
SS1617819543549,7,complex_dissimilar,2,background,background,complex,complex_19_A,2022.0900000131223,second half,1,background,6,NA
SS1617819543549,7,complex_dissimilar,3,background,background,complex,complex_19_A,739.0149999991991,second half,1,background,6,NA
SS1617819543549,7,complex_dissimilar,4,background,background,complex,complex_19_A,498.7649999966379,second half,1,background,6,NA
SS1617819543549,7,complex_dissimilar,5,background,background,complex,complex_19_A,7658.544999998412,second half,1,background,6,NA
SS1617819543549,7,complex_dissimilar,6,dissimilar deviant,deviant,complex,complex_11_A,4803.505000003497,second half,1,first_deviant,6,NA
SS1617819543549,8,complex_dissimilar,1,background,background,complex,complex_19_A,3770.4000000085216,second half,1,background,5,NA
SS1617819543549,8,complex_dissimilar,2,background,background,complex,complex_19_A,3186.8049999902723,second half,1,background,5,NA
SS1617819543549,8,complex_dissimilar,3,background,background,complex,complex_19_A,4995.060000001104,second half,1,background,5,NA
SS1617819543549,8,complex_dissimilar,4,background,background,complex,complex_19_A,312.515000012354,second half,1,background,5,NA
SS1617819543549,8,complex_dissimilar,5,dissimilar deviant,deviant,complex,complex_18_A,10996.415000001434,second half,1,first_deviant,5,NA
SS1617819543549,9,simple_dissimilar,1,background,background,simple,simple_19_A,4194.900000002235,second half,1,background,3,NA
SS1617819543549,9,simple_dissimilar,2,background,background,simple,simple_19_A,1128.6700000055134,second half,1,background,3,NA
SS1617819543549,9,simple_dissimilar,3,dissimilar deviant,deviant,simple,simple_13_A,3244.055000002845,second half,1,first_deviant,3,NA
SS1617819543549,9,simple_dissimilar,4,background,background,simple,simple_19_A,4576.604999994743,second half,1,background,3,NA
SS1617819543549,10,complex_dissimilar,1,background,background,complex,complex_18_A,4570.814999999129,second half,2,background,4,5
SS1617819543549,10,complex_dissimilar,2,background,background,complex,complex_18_A,2961.8550000013784,second half,2,background,4,5
SS1617819543549,10,complex_dissimilar,3,background,background,complex,complex_18_A,3219.0649999974994,second half,2,background,4,5
SS1617819543549,10,complex_dissimilar,4,dissimilar deviant,deviant,complex,complex_11_A,5483.55000000447,second half,2,first_deviant,4,5
SS1617819543549,10,complex_dissimilar,5,dissimilar deviant,deviant,complex,complex_11_A,828.5849999956554,second half,2,second_deviant,4,5
SS1617819543549,11,simple_dissimilar,1,background,background,simple,simple_14_A,2364.8299999913434,second half,0,background,NA,NA
SS1617819543549,11,simple_dissimilar,2,background,background,simple,simple_14_A,2581.4550000068266,second half,0,background,NA,NA
SS1617819543549,11,simple_dissimilar,3,background,background,simple,simple_14_A,1101.3200000015786,second half,0,background,NA,NA
SS1617819543549,11,simple_dissimilar,4,background,background,simple,simple_14_A,219.32000000379048,second half,0,background,NA,NA
SS1617819543549,11,simple_dissimilar,5,background,background,simple,simple_14_A,2534.3100000027334,second half,0,background,NA,NA
SS1617819543549,11,simple_dissimilar,6,background,background,simple,simple_14_A,1236.495000004652,second half,0,background,NA,NA
SS1617819916752,0,complex_dissimilar,1,background,background,complex,complex_10_A,431.205000000773,first half,1,background,2,NA
SS1617819916752,0,complex_dissimilar,2,dissimilar deviant,deviant,complex,complex_11_A,331.29999999073334,first half,1,first_deviant,2,NA
SS1617819916752,0,complex_dissimilar,3,background,background,complex,complex_10_A,340.72000000742264,first half,1,background,2,NA
SS1617819916752,0,complex_dissimilar,4,background,background,complex,complex_10_A,328.3649999939371,first half,1,background,2,NA
SS1617819916752,1,simple_dissimilar,1,background,background,simple,simple_18_A,334.9400000006426,first half,2,background,2,4
SS1617819916752,1,simple_dissimilar,2,dissimilar deviant,deviant,simple,simple_15_A,340.92499999678694,first half,2,first_deviant,2,4
SS1617819916752,1,simple_dissimilar,3,background,background,simple,simple_18_A,303.4449999977369,first half,2,background,2,4
SS1617819916752,1,simple_dissimilar,4,dissimilar deviant,deviant,simple,simple_15_A,308.90000000363216,first half,2,second_deviant,2,4
SS1617819916752,1,simple_dissimilar,5,background,background,simple,simple_18_A,342.88999999989755,first half,2,background,2,4
SS1617819916752,1,simple_dissimilar,6,background,background,simple,simple_18_A,336.47999999811873,first half,2,background,2,4
SS1617819916752,2,complex_dissimilar,1,background,background,complex,complex_06_A,326.5499999979511,first half,0,background,NA,NA
SS1617819916752,2,complex_dissimilar,2,background,background,complex,complex_06_A,422.62500000651926,first half,0,background,NA,NA
SS1617819916752,2,complex_dissimilar,3,background,background,complex,complex_06_A,339.52000000863336,first half,0,background,NA,NA
SS1617819916752,2,complex_dissimilar,4,background,background,complex,complex_06_A,349.61000000475906,first half,0,background,NA,NA
SS1617819916752,2,complex_dissimilar,5,background,background,complex,complex_06_A,367.5400000065565,first half,0,background,NA,NA
SS1617819916752,2,complex_dissimilar,6,background,background,complex,complex_06_A,304.17499999748543,first half,0,background,NA,NA
SS1617819916752,3,simple_dissimilar,1,background,background,simple,simple_13_A,377.95999998343177,first half,2,background,4,5
SS1617819916752,3,simple_dissimilar,2,background,background,simple,simple_13_A,314.19500001356937,first half,2,background,4,5
SS1617819916752,3,simple_dissimilar,3,background,background,simple,simple_13_A,332.18999998643994,first half,2,background,4,5
SS1617819916752,3,simple_dissimilar,4,dissimilar deviant,deviant,simple,simple_17_A,360.1499999931548,first half,2,first_deviant,4,5
SS1617819916752,3,simple_dissimilar,5,dissimilar deviant,deviant,simple,simple_17_A,313.72999999439344,first half,2,second_deviant,4,5
SS1617819916752,4,simple_dissimilar,1,background,background,simple,simple_05_A,344.42499998840503,first half,2,background,5,6
SS1617819916752,4,simple_dissimilar,2,background,background,simple,simple_05_A,303.2850000017788,first half,2,background,5,6
SS1617819916752,4,simple_dissimilar,3,background,background,simple,simple_05_A,322.5749999983236,first half,2,background,5,6
SS1617819916752,4,simple_dissimilar,4,background,background,simple,simple_05_A,349.6500000183005,first half,2,background,5,6
SS1617819916752,4,simple_dissimilar,5,dissimilar deviant,deviant,simple,simple_11_A,357.9050000116695,first half,2,first_deviant,5,6
SS1617819916752,4,simple_dissimilar,6,dissimilar deviant,deviant,simple,simple_11_A,482.56999999284744,first half,2,second_deviant,5,6
SS1617819916752,5,complex_dissimilar,1,background,background,complex,complex_18_A,402.6550000126008,first half,2,background,2,4
SS1617819916752,5,complex_dissimilar,2,dissimilar deviant,deviant,complex,complex_15_A,402.3049999959767,first half,2,first_deviant,2,4
SS1617819916752,5,complex_dissimilar,3,background,background,complex,complex_18_A,349.5600000023842,first half,2,background,2,4
SS1617819916752,5,complex_dissimilar,4,dissimilar deviant,deviant,complex,complex_15_A,345.4900000069756,first half,2,second_deviant,2,4
SS1617819916752,6,complex_dissimilar,1,background,background,complex,complex_05_A,328.20499999797903,second half,1,background,2,NA
SS1617819916752,6,complex_dissimilar,2,dissimilar deviant,deviant,complex,complex_13_A,319.1299999889452,second half,1,first_deviant,2,NA
SS1617819916752,6,complex_dissimilar,3,background,background,complex,complex_05_A,222.1750000026077,second half,1,background,2,NA
SS1617819916752,6,complex_dissimilar,4,background,background,complex,complex_05_A,353.9450000098441,second half,1,background,2,NA
SS1617819916752,6,complex_dissimilar,5,background,background,complex,complex_05_A,383.44999999389984,second half,1,background,2,NA
SS1617819916752,6,complex_dissimilar,6,background,background,complex,complex_05_A,414.27499998826534,second half,1,background,2,NA
SS1617819916752,7,simple_dissimilar,1,background,background,simple,simple_02_A,354.4300000066869,second half,2,background,4,6
SS1617819916752,7,simple_dissimilar,2,background,background,simple,simple_02_A,300.53000000771135,second half,2,background,4,6
SS1617819916752,7,simple_dissimilar,3,background,background,simple,simple_02_A,250.43000001460314,second half,2,background,4,6
SS1617819916752,7,simple_dissimilar,4,dissimilar deviant,deviant,simple,simple_09_A,589.4400000106543,second half,2,first_deviant,4,6
SS1617819916752,7,simple_dissimilar,5,background,background,simple,simple_02_A,360.67999998340383,second half,2,background,4,6
SS1617819916752,7,simple_dissimilar,6,dissimilar deviant,deviant,simple,simple_09_A,351.4849999919534,second half,2,second_deviant,4,6
SS1617819916752,8,simple_dissimilar,1,background,background,simple,simple_16_A,333.2550000050105,second half,2,background,4,5
SS1617819916752,8,simple_dissimilar,2,background,background,simple,simple_16_A,359.38000000896864,second half,2,background,4,5
SS1617819916752,8,simple_dissimilar,3,background,background,simple,simple_16_A,343.3599999989383,second half,2,background,4,5
SS1617819916752,8,simple_dissimilar,4,dissimilar deviant,deviant,simple,simple_12_A,403.4199999878183,second half,2,first_deviant,4,5
SS1617819916752,8,simple_dissimilar,5,dissimilar deviant,deviant,simple,simple_12_A,374.4099999894388,second half,2,second_deviant,4,5
SS1617819916752,9,complex_dissimilar,1,background,background,complex,complex_03_A,355.5650000052992,second half,0,background,NA,NA
SS1617819916752,9,complex_dissimilar,2,background,background,complex,complex_03_A,342.40500000305474,second half,0,background,NA,NA
SS1617819916752,9,complex_dissimilar,3,background,background,complex,complex_03_A,322.91000001714565,second half,0,background,NA,NA
SS1617819916752,9,complex_dissimilar,4,background,background,complex,complex_03_A,333.7699999974575,second half,0,background,NA,NA
SS1617819916752,9,complex_dissimilar,5,background,background,complex,complex_03_A,358.77500000060536,second half,0,background,NA,NA
SS1617819916752,10,complex_dissimilar,1,background,background,complex,complex_18_A,391.22000001952983,second half,0,background,NA,NA
SS1617819916752,10,complex_dissimilar,2,background,background,complex,complex_18_A,407.85499999765307,second half,0,background,NA,NA
SS1617819916752,10,complex_dissimilar,3,background,background,complex,complex_18_A,443.4999999939464,second half,0,background,NA,NA
SS1617819916752,10,complex_dissimilar,4,background,background,complex,complex_18_A,336.5150000026915,second half,0,background,NA,NA
SS1617819916752,10,complex_dissimilar,5,background,background,complex,complex_18_A,322.80000002356246,second half,0,background,NA,NA
SS1617819916752,10,complex_dissimilar,6,background,background,complex,complex_18_A,359.9650000105612,second half,0,background,NA,NA
SS1617819916752,11,simple_dissimilar,1,background,background,simple,simple_01_A,351.18499997770414,second half,2,background,2,3
SS1617819916752,11,simple_dissimilar,2,dissimilar deviant,deviant,simple,simple_06_A,293.0750000232365,second half,2,first_deviant,2,3
SS1617819916752,11,simple_dissimilar,3,dissimilar deviant,deviant,simple,simple_06_A,345.94999998807907,second half,2,second_deviant,2,3
SS1617819916752,11,simple_dissimilar,4,background,background,simple,simple_01_A,309.8549999995157,second half,2,background,2,3
