prolific_id,rt,block_type,fam_trial,background,deviant,block_id
613d2a7208f243bb8693418e,6663,all_background,5,media/animal_stim/whitened/003_right_2.gif,media/animal_stim/whitened/003_left_1.gif,1
651829bea42b62b2aef0d41c,1371,all_background,6,media/animal_stim/whitened/003_left_2.gif,media/animal_stim/whitened/003_left_1.gif,1
613d2a7208f243bb8693418e,7903,deviant,2,media/animal_stim/whitened/005_right_1.gif,media/animal_stim/whitened/005_left_2.gif,2
64eebd7fddf76c686ac9e56d,452,all_background,2,media/animal_stim/whitened/004_left_1.gif,media/animal_stim/whitened/004_left_2.gif,1
613d2a7208f243bb8693418e,9352,deviant,6,media/animal_stim/whitened/002_right_1.gif,media/animal_stim/whitened/002_right_2.gif,3
613d2a7208f243bb8693418e,2130,all_background,2,media/animal_stim/whitened/004_left_1.gif,media/animal_stim/whitened/004_right_2.gif,4
64eebd7fddf76c686ac9e56d,470,all_background,5,media/animal_stim/whitened/005_left_1.gif,media/animal_stim/whitened/005_right_2.gif,2
613d2a7208f243bb8693418e,5105,deviant,5,media/animal_stim/whitened/001_right_1.gif,media/animal_stim/whitened/001_right_2.gif,5
64eebd7fddf76c686ac9e56d,149,all_background,6,media/animal_stim/whitened/002_left_2.gif,media/animal_stim/whitened/002_right_1.gif,3
63f148d5e42992d5bd3a2d61,253,deviant,2,media/animal_stim/whitened/006_left_1.gif,media/animal_stim/whitened/006_left_2.gif,1
613d2a7208f243bb8693418e,1295,all_background,6,media/animal_stim/whitened/006_right_2.gif,media/animal_stim/whitened/006_left_1.gif,6
64eebd7fddf76c686ac9e56d,1775,deviant,5,media/animal_stim/whitened/001_right_1.gif,media/animal_stim/whitened/001_right_2.gif,4
63f148d5e42992d5bd3a2d61,3282,all_background,5,media/animal_stim/whitened/005_left_2.gif,media/animal_stim/whitened/005_left_1.gif,2
64eebd7fddf76c686ac9e56d,370,deviant,6,media/animal_stim/whitened/003_right_1.gif,media/animal_stim/whitened/003_left_2.gif,5
64eebd7fddf76c686ac9e56d,3779,deviant,2,media/animal_stim/whitened/006_left_2.gif,media/animal_stim/whitened/006_right_1.gif,6
63f148d5e42992d5bd3a2d61,10321,deviant,6,media/animal_stim/whitened/004_left_1.gif,media/animal_stim/whitened/004_right_2.gif,3
63f148d5e42992d5bd3a2d61,765,all_background,6,media/animal_stim/whitened/003_left_2.gif,media/animal_stim/whitened/003_left_1.gif,4
5c935050c719fc00147defbc,4823,deviant,2,media/animal_stim/whitened/006_right_1.gif,media/animal_stim/whitened/006_right_2.gif,1
5db5fa693d2b8e01654d351c,420,all_background,6,media/animal_stim/whitened/004_left_1.gif,media/animal_stim/whitened/004_right_2.gif,1
651829bea42b62b2aef0d41c,11701,all_background,5,media/animal_stim/whitened/002_right_2.gif,media/animal_stim/whitened/002_left_1.gif,2
607760884d66833ee83aa987,5860,deviant,2,media/animal_stim/whitened/003_right_1.gif,media/animal_stim/whitened/003_right_2.gif,1
5db5fa693d2b8e01654d351c,735,all_background,2,media/animal_stim/whitened/001_left_2.gif,media/animal_stim/whitened/001_right_1.gif,2
651033d039c135459ac83d8f,355,deviant,2,media/animal_stim/whitened/006_right_2.gif,media/animal_stim/whitened/006_left_1.gif,1
649622da02d0cd201c80a0df,4591,all_background,6,media/animal_stim/whitened/003_left_1.gif,media/animal_stim/whitened/003_left_2.gif,1
60d78cd9ff61ba5de66359ea,3182,all_background,2,media/animal_stim/whitened/001_right_1.gif,media/animal_stim/whitened/001_right_2.gif,1
607760884d66833ee83aa987,3356,all_background,5,media/animal_stim/whitened/002_right_2.gif,media/animal_stim/whitened/002_left_1.gif,2
5c935050c719fc00147defbc,8823,all_background,6,media/animal_stim/whitened/003_right_2.gif,media/animal_stim/whitened/003_right_1.gif,2
5db5fa693d2b8e01654d351c,2658,deviant,6,media/animal_stim/whitened/003_left_2.gif,media/animal_stim/whitened/003_left_1.gif,3
60e4a5d4b0e40567e60146e4,2829,all_background,5,media/animal_stim/whitened/006_right_2.gif,media/animal_stim/whitened/006_right_1.gif,1
651033d039c135459ac83d8f,3286,deviant,6,media/animal_stim/whitened/002_left_1.gif,media/animal_stim/whitened/002_right_2.gif,2
649622da02d0cd201c80a0df,4672,deviant,5,media/animal_stim/whitened/001_left_1.gif,media/animal_stim/whitened/001_left_2.gif,2
60d78cd9ff61ba5de66359ea,2650,deviant,5,media/animal_stim/whitened/003_left_2.gif,media/animal_stim/whitened/003_left_1.gif,2
5db5fa693d2b8e01654d351c,3360,deviant,5,media/animal_stim/whitened/002_right_1.gif,media/animal_stim/whitened/002_right_2.gif,4
5c935050c719fc00147defbc,5703,deviant,5,media/animal_stim/whitened/002_left_2.gif,media/animal_stim/whitened/002_right_1.gif,3
607760884d66833ee83aa987,7699,deviant,6,media/animal_stim/whitened/005_right_1.gif,media/animal_stim/whitened/005_right_2.gif,3
5db5fa693d2b8e01654d351c,861,deviant,2,media/animal_stim/whitened/005_right_1.gif,media/animal_stim/whitened/005_right_2.gif,5
651033d039c135459ac83d8f,3677,all_background,5,media/animal_stim/whitened/005_right_2.gif,media/animal_stim/whitened/005_right_1.gif,3
6106be7d513dcab805d524b8,7213,deviant,6,media/animal_stim/whitened/004_right_1.gif,media/animal_stim/whitened/004_right_2.gif,1
649622da02d0cd201c80a0df,9679,deviant,2,media/animal_stim/whitened/006_right_2.gif,media/animal_stim/whitened/006_right_1.gif,3
60e4a5d4b0e40567e60146e4,7603,deviant,6,media/animal_stim/whitened/004_left_1.gif,media/animal_stim/whitened/004_right_2.gif,2
5c935050c719fc00147defbc,7725,all_background,2,media/animal_stim/whitened/005_left_1.gif,media/animal_stim/whitened/005_left_2.gif,4
5db5fa693d2b8e01654d351c,732,all_background,5,media/animal_stim/whitened/006_right_1.gif,media/animal_stim/whitened/006_left_2.gif,6
651033d039c135459ac83d8f,7169,all_background,2,media/animal_stim/whitened/003_right_2.gif,media/animal_stim/whitened/003_left_1.gif,4
607760884d66833ee83aa987,2596,all_background,6,media/animal_stim/whitened/004_left_2.gif,media/animal_stim/whitened/004_left_1.gif,4
5fc429047f2ae3825eb811a4,4355,deviant,6,media/animal_stim/whitened/002_left_1.gif,media/animal_stim/whitened/002_left_2.gif,1
60e4a5d4b0e40567e60146e4,4114,deviant,5,media/animal_stim/whitened/001_right_2.gif,media/animal_stim/whitened/001_right_1.gif,3
649622da02d0cd201c80a0df,5636,all_background,5,media/animal_stim/whitened/005_right_2.gif,media/animal_stim/whitened/005_left_1.gif,4
60d78cd9ff61ba5de66359ea,3001,deviant,2,media/animal_stim/whitened/002_left_1.gif,media/animal_stim/whitened/002_left_2.gif,3
5c935050c719fc00147defbc,5132,all_background,5,media/animal_stim/whitened/004_right_1.gif,media/animal_stim/whitened/004_right_2.gif,5
5fc429047f2ae3825eb811a4,1689,deviant,2,media/animal_stim/whitened/001_left_1.gif,media/animal_stim/whitened/001_right_2.gif,2
607760884d66833ee83aa987,1090,all_background,2,media/animal_stim/whitened/001_left_1.gif,media/animal_stim/whitened/001_left_2.gif,5
651033d039c135459ac83d8f,4462,all_background,6,media/animal_stim/whitened/001_left_2.gif,media/animal_stim/whitened/001_right_1.gif,5
5f0a79cdff3278354b2016b7,7033,all_background,5,media/animal_stim/whitened/006_right_1.gif,media/animal_stim/whitened/006_left_2.gif,1
614cd51715e662889e0211a0,3290,all_background,6,media/animal_stim/whitened/001_left_1.gif,media/animal_stim/whitened/001_right_2.gif,1
649622da02d0cd201c80a0df,2069,deviant,6,media/animal_stim/whitened/002_left_1.gif,media/animal_stim/whitened/002_left_2.gif,5
60e4a5d4b0e40567e60146e4,2841,all_background,6,media/animal_stim/whitened/005_left_1.gif,media/animal_stim/whitened/005_right_2.gif,4
60d78cd9ff61ba5de66359ea,2705,all_background,6,media/animal_stim/whitened/004_left_2.gif,media/animal_stim/whitened/004_right_1.gif,4
5c935050c719fc00147defbc,3721,deviant,6,media/animal_stim/whitened/001_right_2.gif,media/animal_stim/whitened/001_left_1.gif,6
60fd76f8fbbc23113b72821f,634,all_background,5,media/animal_stim/whitened/001_right_2.gif,media/animal_stim/whitened/001_right_1.gif,1
607760884d66833ee83aa987,518,deviant,5,media/animal_stim/whitened/006_right_2.gif,media/animal_stim/whitened/006_right_1.gif,6
649622da02d0cd201c80a0df,1817,all_background,2,media/animal_stim/whitened/004_left_1.gif,media/animal_stim/whitened/004_right_2.gif,6
651033d039c135459ac83d8f,3275,deviant,5,media/animal_stim/whitened/004_right_1.gif,media/animal_stim/whitened/004_right_2.gif,6
60e4a5d4b0e40567e60146e4,1827,all_background,2,media/animal_stim/whitened/002_right_1.gif,media/animal_stim/whitened/002_left_2.gif,5
5fc429047f2ae3825eb811a4,1956,all_background,6,media/animal_stim/whitened/003_left_1.gif,media/animal_stim/whitened/003_right_2.gif,3
6106be7d513dcab805d524b8,11157,all_background,2,media/animal_stim/whitened/006_right_1.gif,media/animal_stim/whitened/006_right_2.gif,2
6460e22e1be052a4c5e14c2d,2516,all_background,5,media/animal_stim/whitened/003_right_2.gif,media/animal_stim/whitened/003_left_1.gif,1
60fd76f8fbbc23113b72821f,3030,all_background,2,media/animal_stim/whitened/002_right_1.gif,media/animal_stim/whitened/002_left_2.gif,2
614cd51715e662889e0211a0,1890,all_background,2,media/animal_stim/whitened/005_left_2.gif,media/animal_stim/whitened/005_left_1.gif,2
5fc429047f2ae3825eb811a4,1024,all_background,2,media/animal_stim/whitened/005_left_1.gif,media/animal_stim/whitened/005_right_2.gif,4
60d78cd9ff61ba5de66359ea,749,all_background,5,media/animal_stim/whitened/006_right_2.gif,media/animal_stim/whitened/006_left_1.gif,5
5eb3a51f58efe718f5cffdb4,2573,deviant,2,media/animal_stim/whitened/004_right_1.gif,media/animal_stim/whitened/004_left_2.gif,1
5f0a79cdff3278354b2016b7,11226,deviant,6,media/animal_stim/whitened/002_right_1.gif,media/animal_stim/whitened/002_right_2.gif,2
6460e22e1be052a4c5e14c2d,4486,deviant,2,media/animal_stim/whitened/006_left_1.gif,media/animal_stim/whitened/006_left_2.gif,2
60e4a5d4b0e40567e60146e4,7077,deviant,2,media/animal_stim/whitened/003_left_1.gif,media/animal_stim/whitened/003_left_2.gif,6
6148baf1d5974f3958c332d2,5220,deviant,6,media/animal_stim/whitened/006_right_1.gif,media/animal_stim/whitened/006_left_2.gif,1
6106be7d513dcab805d524b8,2520,all_background,6,media/animal_stim/whitened/005_left_1.gif,media/animal_stim/whitened/005_right_2.gif,3
5e6babd0d0031115b8a7bbbf,1182,all_background,5,media/animal_stim/whitened/006_left_2.gif,media/animal_stim/whitened/006_right_1.gif,1
5fc429047f2ae3825eb811a4,5098,deviant,5,media/animal_stim/whitened/006_left_2.gif,media/animal_stim/whitened/006_right_1.gif,5
614cd51715e662889e0211a0,3118,all_background,5,media/animal_stim/whitened/006_left_1.gif,media/animal_stim/whitened/006_right_2.gif,3
5eb3a51f58efe718f5cffdb4,4121,deviant,5,media/animal_stim/whitened/002_left_1.gif,media/animal_stim/whitened/002_right_2.gif,2
6460e22e1be052a4c5e14c2d,935,deviant,5,media/animal_stim/whitened/002_left_1.gif,media/animal_stim/whitened/002_right_2.gif,3
5b89d11c19110c0001eb75e5,2237,all_background,2,media/animal_stim/whitened/001_right_1.gif,media/animal_stim/whitened/001_right_2.gif,1
6106be7d513dcab805d524b8,2760,deviant,2,media/animal_stim/whitened/002_right_2.gif,media/animal_stim/whitened/002_right_1.gif,4
5c534e802a52960001fe264f,2197,all_background,5,media/animal_stim/whitened/005_right_2.gif,media/animal_stim/whitened/005_right_1.gif,1
614cd51715e662889e0211a0,6407,deviant,2,media/animal_stim/whitened/004_left_2.gif,media/animal_stim/whitened/004_left_1.gif,4
6148baf1d5974f3958c332d2,1190,all_background,5,media/animal_stim/whitened/004_right_1.gif,media/animal_stim/whitened/004_right_2.gif,2
5fc429047f2ae3825eb811a4,1820,all_background,5,media/animal_stim/whitened/004_right_1.gif,media/animal_stim/whitened/004_right_2.gif,6
5e6babd0d0031115b8a7bbbf,2167,deviant,6,media/animal_stim/whitened/004_left_2.gif,media/animal_stim/whitened/004_left_1.gif,2
5eb3a51f58efe718f5cffdb4,2332,all_background,5,media/animal_stim/whitened/001_left_1.gif,media/animal_stim/whitened/001_right_2.gif,3
5c534e802a52960001fe264f,1363,deviant,5,media/animal_stim/whitened/006_left_2.gif,media/animal_stim/whitened/006_right_1.gif,2
5e799af10b2d8255586ad5b2,2590,deviant,6,media/animal_stim/whitened/002_right_2.gif,media/animal_stim/whitened/002_right_1.gif,1
6460e22e1be052a4c5e14c2d,10344,all_background,6,media/animal_stim/whitened/004_left_2.gif,media/animal_stim/whitened/004_left_1.gif,4
5b89d11c19110c0001eb75e5,1243,deviant,6,media/animal_stim/whitened/003_left_2.gif,media/animal_stim/whitened/003_left_1.gif,2
6106be7d513dcab805d524b8,4198,deviant,5,media/animal_stim/whitened/003_left_1.gif,media/animal_stim/whitened/003_left_2.gif,5
5eb3a51f58efe718f5cffdb4,187,all_background,2,media/animal_stim/whitened/005_right_1.gif,media/animal_stim/whitened/005_left_2.gif,4
5fdcc082dfad1528dad65346,806,all_background,2,media/animal_stim/whitened/005_right_1.gif,media/animal_stim/whitened/005_left_2.gif,1
5e6babd0d0031115b8a7bbbf,3573,deviant,2,media/animal_stim/whitened/002_right_1.gif,media/animal_stim/whitened/002_left_2.gif,3
614cd51715e662889e0211a0,6007,deviant,5,media/animal_stim/whitened/002_right_1.gif,media/animal_stim/whitened/002_right_2.gif,5
6148baf1d5974f3958c332d2,7211,deviant,5,media/animal_stim/whitened/002_right_2.gif,media/animal_stim/whitened/002_left_1.gif,3
6460e22e1be052a4c5e14c2d,3224,all_background,2,media/animal_stim/whitened/001_right_1.gif,media/animal_stim/whitened/001_right_2.gif,5
5e799af10b2d8255586ad5b2,1995,all_background,2,media/animal_stim/whitened/005_right_2.gif,media/animal_stim/whitened/005_left_1.gif,2
5c534e802a52960001fe264f,3218,deviant,2,media/animal_stim/whitened/003_left_2.gif,media/animal_stim/whitened/003_left_1.gif,3
5f0a79cdff3278354b2016b7,7001,all_background,6,media/animal_stim/whitened/005_left_1.gif,media/animal_stim/whitened/005_left_2.gif,3
5e799af10b2d8255586ad5b2,2582,deviant,2,media/animal_stim/whitened/004_right_1.gif,media/animal_stim/whitened/004_left_2.gif,3
5b89d11c19110c0001eb75e5,3475,deviant,5,media/animal_stim/whitened/002_right_2.gif,media/animal_stim/whitened/002_right_1.gif,3
5e6babd0d0031115b8a7bbbf,4861,all_background,2,media/animal_stim/whitened/003_right_2.gif,media/animal_stim/whitened/003_right_1.gif,4
5fdcc082dfad1528dad65346,852,all_background,6,media/animal_stim/whitened/003_right_2.gif,media/animal_stim/whitened/003_right_1.gif,2
5eb3a51f58efe718f5cffdb4,3785,all_background,6,media/animal_stim/whitened/006_left_1.gif,media/animal_stim/whitened/006_right_2.gif,5
6460e22e1be052a4c5e14c2d,599,deviant,6,media/animal_stim/whitened/005_right_2.gif,media/animal_stim/whitened/005_left_1.gif,6
6148baf1d5974f3958c332d2,1432,all_background,6,media/animal_stim/whitened/003_left_2.gif,media/animal_stim/whitened/003_right_1.gif,4
5c534e802a52960001fe264f,2809,all_background,6,media/animal_stim/whitened/002_left_2.gif,media/animal_stim/whitened/002_right_1.gif,4
614cd51715e662889e0211a0,3547,deviant,6,media/animal_stim/whitened/003_left_2.gif,media/animal_stim/whitened/003_right_1.gif,6
5fdebabfb5d1fc684adaa1f9,9609,deviant,5,media/animal_stim/whitened/003_right_1.gif,media/animal_stim/whitened/003_right_2.gif,1
5f0a79cdff3278354b2016b7,11532,deviant,5,media/animal_stim/whitened/001_right_2.gif,media/animal_stim/whitened/001_left_1.gif,4
5e799af10b2d8255586ad5b2,1859,all_background,6,media/animal_stim/whitened/001_left_2.gif,media/animal_stim/whitened/001_right_1.gif,4
6148baf1d5974f3958c332d2,6110,deviant,2,media/animal_stim/whitened/005_right_2.gif,media/animal_stim/whitened/005_left_1.gif,5
5eb3a51f58efe718f5cffdb4,1706,deviant,6,media/animal_stim/whitened/003_right_2.gif,media/animal_stim/whitened/003_right_1.gif,6
5e6babd0d0031115b8a7bbbf,3680,all_background,6,media/animal_stim/whitened/005_right_1.gif,media/animal_stim/whitened/005_right_2.gif,5
5b89d11c19110c0001eb75e5,4965,all_background,6,media/animal_stim/whitened/006_right_2.gif,media/animal_stim/whitened/006_left_1.gif,4
5c534e802a52960001fe264f,4059,all_background,2,media/animal_stim/whitened/004_left_2.gif,media/animal_stim/whitened/004_right_1.gif,5
5f27f9f7119cde0008a93be7,3769,all_background,2,media/animal_stim/whitened/003_right_1.gif,media/animal_stim/whitened/003_right_2.gif,1
601d7556fe4dfb0d99b3d825,551,all_background,2,media/animal_stim/whitened/002_left_1.gif,media/animal_stim/whitened/002_right_2.gif,1
6148baf1d5974f3958c332d2,1489,all_background,2,media/animal_stim/whitened/001_right_2.gif,media/animal_stim/whitened/001_left_1.gif,6
60e29fd816e994eee392af1c,3214,deviant,5,media/animal_stim/whitened/002_right_1.gif,media/animal_stim/whitened/002_right_2.gif,1
5fdebabfb5d1fc684adaa1f9,6765,all_background,6,media/animal_stim/whitened/004_left_2.gif,media/animal_stim/whitened/004_right_1.gif,2
6455490f7c5f35e4221a810a,8816,deviant,6,media/animal_stim/whitened/006_left_1.gif,media/animal_stim/whitened/006_left_2.gif,1
612fc0a32604f3804ac8630f,5268,deviant,6,media/animal_stim/whitened/001_right_1.gif,media/animal_stim/whitened/001_right_2.gif,1
5b89d11c19110c0001eb75e5,3729,all_background,5,media/animal_stim/whitened/004_right_1.gif,media/animal_stim/whitened/004_left_2.gif,5
5e6babd0d0031115b8a7bbbf,6529,deviant,5,media/animal_stim/whitened/001_right_1.gif,media/animal_stim/whitened/001_right_2.gif,6
5f27f9f7119cde0008a93be7,3058,deviant,5,media/animal_stim/whitened/002_right_2.gif,media/animal_stim/whitened/002_right_1.gif,2
652540ba17c106066d7453fe,3015,deviant,2,media/animal_stim/whitened/006_right_1.gif,media/animal_stim/whitened/006_left_2.gif,1
5c534e802a52960001fe264f,4181,deviant,6,media/animal_stim/whitened/001_right_2.gif,media/animal_stim/whitened/001_left_1.gif,6
615082e89e3473a3c95df0c5,6769,deviant,6,media/animal_stim/whitened/002_left_1.gif,media/animal_stim/whitened/002_left_2.gif,1
6455490f7c5f35e4221a810a,1291,all_background,2,media/animal_stim/whitened/002_right_1.gif,media/animal_stim/whitened/002_right_2.gif,2
5b89d11c19110c0001eb75e5,2715,deviant,2,media/animal_stim/whitened/005_right_1.gif,media/animal_stim/whitened/005_left_2.gif,6
613b7bdc3a329ab20c067d1a,4214,all_background,6,media/animal_stim/whitened/001_right_1.gif,media/animal_stim/whitened/001_right_2.gif,1
60e29fd816e994eee392af1c,599,deviant,2,media/animal_stim/whitened/003_right_1.gif,media/animal_stim/whitened/003_right_2.gif,2
601d7556fe4dfb0d99b3d825,852,all_background,5,media/animal_stim/whitened/001_left_2.gif,media/animal_stim/whitened/001_left_1.gif,2
612fc0a32604f3804ac8630f,4156,all_background,5,media/animal_stim/whitened/006_right_1.gif,media/animal_stim/whitened/006_right_2.gif,2
652540ba17c106066d7453fe,6799,all_background,2,media/animal_stim/whitened/005_left_2.gif,media/animal_stim/whitened/005_left_1.gif,2
5fdebabfb5d1fc684adaa1f9,6669,deviant,6,media/animal_stim/whitened/001_left_2.gif,media/animal_stim/whitened/001_left_1.gif,3
5b477fdb56e0140001ac7720,973,all_background,5,media/animal_stim/whitened/005_right_2.gif,media/animal_stim/whitened/005_right_1.gif,1
5fdcc082dfad1528dad65346,1076,deviant,5,media/animal_stim/whitened/004_right_1.gif,media/animal_stim/whitened/004_right_2.gif,3
601d7556fe4dfb0d99b3d825,713,deviant,2,media/animal_stim/whitened/003_right_1.gif,media/animal_stim/whitened/003_right_2.gif,3
5f27f9f7119cde0008a93be7,4290,deviant,6,media/animal_stim/whitened/005_right_1.gif,media/animal_stim/whitened/005_right_2.gif,3
60e29fd816e994eee392af1c,2014,all_background,5,media/animal_stim/whitened/005_left_2.gif,media/animal_stim/whitened/005_left_1.gif,3
6455490f7c5f35e4221a810a,7730,deviant,5,media/animal_stim/whitened/001_right_1.gif,media/animal_stim/whitened/001_right_2.gif,3
5fdebabfb5d1fc684adaa1f9,4549,deviant,2,media/animal_stim/whitened/002_left_2.gif,media/animal_stim/whitened/002_left_1.gif,4
613b7bdc3a329ab20c067d1a,10527,deviant,5,media/animal_stim/whitened/004_right_1.gif,media/animal_stim/whitened/004_right_2.gif,2
612fc0a32604f3804ac8630f,1347,all_background,6,media/animal_stim/whitened/002_right_1.gif,media/animal_stim/whitened/002_right_2.gif,3
5b477fdb56e0140001ac7720,8471,deviant,2,media/animal_stim/whitened/006_left_2.gif,media/animal_stim/whitened/006_left_1.gif,2
601d7556fe4dfb0d99b3d825,575,deviant,5,media/animal_stim/whitened/005_left_2.gif,media/animal_stim/whitened/005_left_1.gif,4
6455490f7c5f35e4221a810a,6579,deviant,2,media/animal_stim/whitened/004_right_2.gif,media/animal_stim/whitened/004_left_1.gif,4
652540ba17c106066d7453fe,9156,deviant,6,media/animal_stim/whitened/001_left_1.gif,media/animal_stim/whitened/001_right_2.gif,3
60e0fc6ba2a0b43c2e64fefb,5163,deviant,6,media/animal_stim/whitened/004_right_1.gif,media/animal_stim/whitened/004_left_2.gif,1
5f27f9f7119cde0008a93be7,2276,all_background,6,media/animal_stim/whitened/001_right_2.gif,media/animal_stim/whitened/001_right_1.gif,4
5fdebabfb5d1fc684adaa1f9,4815,all_background,5,media/animal_stim/whitened/006_right_2.gif,media/animal_stim/whitened/006_right_1.gif,5
614e7ae8bd304fe78b7529be,8976,all_background,6,media/animal_stim/whitened/003_left_1.gif,media/animal_stim/whitened/003_left_2.gif,1
60e29fd816e994eee392af1c,1014,deviant,6,media/animal_stim/whitened/001_right_2.gif,media/animal_stim/whitened/001_right_1.gif,4
5b477fdb56e0140001ac7720,6366,all_background,2,media/animal_stim/whitened/001_right_2.gif,media/animal_stim/whitened/001_left_1.gif,3
612fc0a32604f3804ac8630f,7503,deviant,5,media/animal_stim/whitened/004_left_2.gif,media/animal_stim/whitened/004_right_1.gif,4
6455490f7c5f35e4221a810a,4070,all_background,5,media/animal_stim/whitened/005_left_1.gif,media/animal_stim/whitened/005_left_2.gif,5
601d7556fe4dfb0d99b3d825,1239,all_background,6,media/animal_stim/whitened/004_left_2.gif,media/animal_stim/whitened/004_left_1.gif,5
613b7bdc3a329ab20c067d1a,11249,deviant,6,media/animal_stim/whitened/005_right_2.gif,media/animal_stim/whitened/005_left_1.gif,3
5fdebabfb5d1fc684adaa1f9,10515,all_background,2,media/animal_stim/whitened/005_right_2.gif,media/animal_stim/whitened/005_right_1.gif,6
652540ba17c106066d7453fe,2688,all_background,6,media/animal_stim/whitened/002_left_1.gif,media/animal_stim/whitened/002_right_2.gif,4
5f27f9f7119cde0008a93be7,3591,all_background,5,media/animal_stim/whitened/004_right_1.gif,media/animal_stim/whitened/004_right_2.gif,5
612fc0a32604f3804ac8630f,8892,deviant,2,media/animal_stim/whitened/003_left_1.gif,media/animal_stim/whitened/003_right_2.gif,5
60e29fd816e994eee392af1c,452,all_background,6,media/animal_stim/whitened/006_left_1.gif,media/animal_stim/whitened/006_right_2.gif,5
613b7bdc3a329ab20c067d1a,7161,deviant,2,media/animal_stim/whitened/006_right_2.gif,media/animal_stim/whitened/006_right_1.gif,4
5b477fdb56e0140001ac7720,6066,deviant,5,media/animal_stim/whitened/003_right_1.gif,media/animal_stim/whitened/003_left_2.gif,4
614e7ae8bd304fe78b7529be,7693,all_background,5,media/animal_stim/whitened/005_right_2.gif,media/animal_stim/whitened/005_left_1.gif,2
601d7556fe4dfb0d99b3d825,1398,deviant,6,media/animal_stim/whitened/006_right_1.gif,media/animal_stim/whitened/006_left_2.gif,6
60e0fc6ba2a0b43c2e64fefb,7090,deviant,5,media/animal_stim/whitened/005_right_1.gif,media/animal_stim/whitened/005_left_2.gif,2
60e29fd816e994eee392af1c,720,all_background,2,media/animal_stim/whitened/004_right_2.gif,media/animal_stim/whitened/004_left_1.gif,6
612fc0a32604f3804ac8630f,2232,all_background,2,media/animal_stim/whitened/005_right_2.gif,media/animal_stim/whitened/005_left_1.gif,6
6115a0203cacd5e288e888d7,5637,deviant,6,media/animal_stim/whitened/003_right_2.gif,media/animal_stim/whitened/003_left_1.gif,1
6455490f7c5f35e4221a810a,9383,all_background,6,media/animal_stim/whitened/003_left_2.gif,media/animal_stim/whitened/003_right_1.gif,6
652540ba17c106066d7453fe,7913,deviant,5,media/animal_stim/whitened/004_right_2.gif,media/animal_stim/whitened/004_right_1.gif,5
6115a0203cacd5e288e888d7,4629,deviant,2,media/animal_stim/whitened/002_left_1.gif,media/animal_stim/whitened/002_left_2.gif,2
5b477fdb56e0140001ac7720,3021,all_background,6,media/animal_stim/whitened/004_left_1.gif,media/animal_stim/whitened/004_right_2.gif,5
5fc4a01dc02ae8485c400ebf,5310,all_background,5,media/animal_stim/whitened/003_left_2.gif,media/animal_stim/whitened/003_right_1.gif,1
5b8fe84a1a3ec10001a81642,3512,all_background,2,media/animal_stim/whitened/005_right_1.gif,media/animal_stim/whitened/005_right_2.gif,1
5b94bd5e24fca300016a9425,5573,all_background,6,media/animal_stim/whitened/006_left_2.gif,media/animal_stim/whitened/006_right_1.gif,1
613b7bdc3a329ab20c067d1a,2887,all_background,2,media/animal_stim/whitened/003_right_2.gif,media/animal_stim/whitened/003_right_1.gif,5
60bec2d1325a7544ecaaaeae,6470,deviant,2,media/animal_stim/whitened/006_left_1.gif,media/animal_stim/whitened/006_left_2.gif,1
5fc4a01dc02ae8485c400ebf,3383,all_background,2,media/animal_stim/whitened/005_right_2.gif,media/animal_stim/whitened/005_right_1.gif,2
615082e89e3473a3c95df0c5,7662,deviant,2,media/animal_stim/whitened/003_left_2.gif,media/animal_stim/whitened/003_left_1.gif,2
608ab8b9eb657a41933a4ec9,5624,deviant,2,media/animal_stim/whitened/004_right_1.gif,media/animal_stim/whitened/004_right_2.gif,1
606dc21c1ce7dc64af9d81fb,11714,all_background,2,media/animal_stim/whitened/006_right_1.gif,media/animal_stim/whitened/006_right_2.gif,1
60e0fc6ba2a0b43c2e64fefb,3721,all_background,5,media/animal_stim/whitened/002_left_1.gif,media/animal_stim/whitened/002_left_2.gif,3
652540ba17c106066d7453fe,11096,all_background,5,media/animal_stim/whitened/003_left_1.gif,media/animal_stim/whitened/003_left_2.gif,6
5f95155d7ae37e0009ed42ac,2639,all_background,2,media/animal_stim/whitened/005_left_1.gif,media/animal_stim/whitened/005_right_2.gif,1
6115a0203cacd5e288e888d7,1357,all_background,6,media/animal_stim/whitened/005_left_2.gif,media/animal_stim/whitened/005_right_1.gif,3
5b477fdb56e0140001ac7720,7456,deviant,6,media/animal_stim/whitened/002_right_1.gif,media/animal_stim/whitened/002_left_2.gif,6
606dc21c1ce7dc64af9d81fb,3757,deviant,2,media/animal_stim/whitened/003_left_2.gif,media/animal_stim/whitened/003_right_1.gif,2
5b8fe84a1a3ec10001a81642,1831,all_background,6,media/animal_stim/whitened/006_right_1.gif,media/animal_stim/whitened/006_left_2.gif,2
60aab5b095bcb30ed88be544,6302,all_background,6,media/animal_stim/whitened/006_right_2.gif,media/animal_stim/whitened/006_right_1.gif,1
6115a0203cacd5e288e888d7,1935,all_background,2,media/animal_stim/whitened/004_left_1.gif,media/animal_stim/whitened/004_left_2.gif,4
5fc4a01dc02ae8485c400ebf,3090,deviant,6,media/animal_stim/whitened/004_right_2.gif,media/animal_stim/whitened/004_left_1.gif,3
608ab8b9eb657a41933a4ec9,889,all_background,5,media/animal_stim/whitened/001_left_2.gif,media/animal_stim/whitened/001_left_1.gif,2
615082e89e3473a3c95df0c5,4552,deviant,6,media/animal_stim/whitened/002_left_1.gif,media/animal_stim/whitened/002_left_2.gif,3
5b94bd5e24fca300016a9425,11088,deviant,6,media/animal_stim/whitened/004_left_2.gif,media/animal_stim/whitened/004_left_1.gif,2
60e0fc6ba2a0b43c2e64fefb,4071,all_background,2,media/animal_stim/whitened/006_right_2.gif,media/animal_stim/whitened/006_right_1.gif,4
652d3715d07b5cf75a43c342,228,all_background,6,media/animal_stim/whitened/005_left_1.gif,media/animal_stim/whitened/005_left_2.gif,1
60bec2d1325a7544ecaaaeae,8157,deviant,6,media/animal_stim/whitened/003_right_2.gif,media/animal_stim/whitened/003_left_1.gif,2
5f95155d7ae37e0009ed42ac,3268,deviant,5,media/animal_stim/whitened/002_right_2.gif,media/animal_stim/whitened/002_right_1.gif,2
606dc21c1ce7dc64af9d81fb,1313,all_background,6,media/animal_stim/whitened/001_left_1.gif,media/animal_stim/whitened/001_right_2.gif,3
5b8fe84a1a3ec10001a81642,3084,all_background,5,media/animal_stim/whitened/004_right_1.gif,media/animal_stim/whitened/004_right_2.gif,3
5b94bd5e24fca300016a9425,4491,all_background,2,media/animal_stim/whitened/003_right_1.gif,media/animal_stim/whitened/003_right_2.gif,3
608ab8b9eb657a41933a4ec9,1132,deviant,5,media/animal_stim/whitened/006_right_1.gif,media/animal_stim/whitened/006_right_2.gif,3
5fc4a01dc02ae8485c400ebf,2655,deviant,5,media/animal_stim/whitened/006_left_2.gif,media/animal_stim/whitened/006_left_1.gif,4
5fd6943e7c02cb5d8b70d1be,9079,deviant,5,media/animal_stim/whitened/004_right_1.gif,media/animal_stim/whitened/004_left_2.gif,1
60aab5b095bcb30ed88be544,2165,all_background,5,media/animal_stim/whitened/001_left_1.gif,media/animal_stim/whitened/001_left_2.gif,2
5fb6670a2253293744a37320,820,all_background,6,media/animal_stim/whitened/004_right_1.gif,media/animal_stim/whitened/004_left_2.gif,1
6023cb37c452c802d4092a35,1744,all_background,5,media/animal_stim/whitened/002_left_2.gif,media/animal_stim/whitened/002_right_1.gif,1
5f95155d7ae37e0009ed42ac,2349,deviant,2,media/animal_stim/whitened/006_left_2.gif,media/animal_stim/whitened/006_right_1.gif,3
615082e89e3473a3c95df0c5,7090,all_background,5,media/animal_stim/whitened/004_left_1.gif,media/animal_stim/whitened/004_left_2.gif,4
652d3715d07b5cf75a43c342,4410,deviant,6,media/animal_stim/whitened/002_left_2.gif,media/animal_stim/whitened/002_right_1.gif,2
60bec2d1325a7544ecaaaeae,4291,all_background,6,media/animal_stim/whitened/002_right_1.gif,media/animal_stim/whitened/002_left_2.gif,3
60e0fc6ba2a0b43c2e64fefb,3020,all_background,6,media/animal_stim/whitened/003_left_1.gif,media/animal_stim/whitened/003_right_2.gif,5
5b8fe84a1a3ec10001a81642,6580,deviant,6,media/animal_stim/whitened/001_left_2.gif,media/animal_stim/whitened/001_right_1.gif,4
615c8512324e80bb9d5ae1ef,1178,all_background,5,media/animal_stim/whitened/003_right_2.gif,media/animal_stim/whitened/003_right_1.gif,1
5fc4a01dc02ae8485c400ebf,1968,all_background,6,media/animal_stim/whitened/001_right_2.gif,media/animal_stim/whitened/001_left_1.gif,5
5f13b5cb93d2ed02c439577f,9266,all_background,6,media/animal_stim/whitened/003_right_2.gif,media/animal_stim/whitened/003_right_1.gif,1
608ab8b9eb657a41933a4ec9,1765,deviant,6,media/animal_stim/whitened/002_left_2.gif,media/animal_stim/whitened/002_left_1.gif,4
611d05c997db7c2653864ff4,4381,all_background,6,media/animal_stim/whitened/004_left_2.gif,media/animal_stim/whitened/004_right_1.gif,1
5b94bd5e24fca300016a9425,7147,all_background,5,media/animal_stim/whitened/002_right_1.gif,media/animal_stim/whitened/002_right_2.gif,4
5e7a083fa67e4003adb26881,6587,deviant,5,media/animal_stim/whitened/002_left_2.gif,media/animal_stim/whitened/002_left_1.gif,1
607b962bbc14d00d40958065,4286,deviant,5,media/animal_stim/whitened/001_left_2.gif,media/animal_stim/whitened/001_left_1.gif,1
5fb6670a2253293744a37320,4076,all_background,5,media/animal_stim/whitened/001_left_1.gif,media/animal_stim/whitened/001_right_2.gif,2
5ed93031e5e1620ec088366e,9551,deviant,6,media/animal_stim/whitened/006_right_2.gif,media/animal_stim/whitened/006_left_1.gif,1
5fd6943e7c02cb5d8b70d1be,7433,all_background,5,media/animal_stim/whitened/003_right_1.gif,media/animal_stim/whitened/003_right_2.gif,2
5f4310b391369a1776db2dde,11891,deviant,5,media/animal_stim/whitened/001_left_1.gif,media/animal_stim/whitened/001_left_2.gif,1
652d3715d07b5cf75a43c342,230,all_background,2,media/animal_stim/whitened/004_left_2.gif,media/animal_stim/whitened/004_left_1.gif,3
60aab5b095bcb30ed88be544,303,deviant,6,media/animal_stim/whitened/002_left_1.gif,media/animal_stim/whitened/002_right_2.gif,3
615c8512324e80bb9d5ae1ef,868,all_background,2,media/animal_stim/whitened/001_left_1.gif,media/animal_stim/whitened/001_left_2.gif,2
5fc4a01dc02ae8485c400ebf,3202,deviant,2,media/animal_stim/whitened/002_right_1.gif,media/animal_stim/whitened/002_left_2.gif,6
5bbe4ab0ea3e2600012cefb3,10981,deviant,5,media/animal_stim/whitened/001_left_2.gif,media/animal_stim/whitened/001_left_1.gif,1
606dc21c1ce7dc64af9d81fb,8849,all_background,5,media/animal_stim/whitened/005_left_1.gif,media/animal_stim/whitened/005_right_2.gif,4
6023cb37c452c802d4092a35,7692,all_background,6,media/animal_stim/whitened/006_left_1.gif,media/animal_stim/whitened/006_left_2.gif,2
60bec2d1325a7544ecaaaeae,8680,all_background,2,media/animal_stim/whitened/004_left_1.gif,media/animal_stim/whitened/004_right_2.gif,4
652d3715d07b5cf75a43c342,254,deviant,2,media/animal_stim/whitened/003_right_1.gif,media/animal_stim/whitened/003_left_2.gif,4
5b94bd5e24fca300016a9425,7643,deviant,2,media/animal_stim/whitened/005_right_2.gif,media/animal_stim/whitened/005_right_1.gif,5
60e0fc6ba2a0b43c2e64fefb,4722,deviant,2,media/animal_stim/whitened/001_left_2.gif,media/animal_stim/whitened/001_left_1.gif,6
5fb6670a2253293744a37320,2758,all_background,2,media/animal_stim/whitened/005_right_1.gif,media/animal_stim/whitened/005_left_2.gif,3
5b8fe84a1a3ec10001a81642,2551,deviant,5,media/animal_stim/whitened/002_right_1.gif,media/animal_stim/whitened/002_left_2.gif,5
5f95155d7ae37e0009ed42ac,1523,all_background,6,media/animal_stim/whitened/003_left_2.gif,media/animal_stim/whitened/003_right_1.gif,4
608ab8b9eb657a41933a4ec9,543,all_background,6,media/animal_stim/whitened/005_left_1.gif,media/animal_stim/whitened/005_right_2.gif,5
5ed93031e5e1620ec088366e,8183,all_background,2,media/animal_stim/whitened/001_left_2.gif,media/animal_stim/whitened/001_right_1.gif,2
5f1ea02746999b87b4489f36,168,all_background,6,media/animal_stim/whitened/006_left_1.gif,media/animal_stim/whitened/006_left_2.gif,1
571e332b1bdf1a00119149f2,6446,all_background,5,media/animal_stim/whitened/004_left_2.gif,media/animal_stim/whitened/004_right_1.gif,1
611d05c997db7c2653864ff4,5372,deviant,5,media/animal_stim/whitened/006_right_2.gif,media/animal_stim/whitened/006_left_1.gif,2
5e7a083fa67e4003adb26881,1206,all_background,6,media/animal_stim/whitened/004_left_2.gif,media/animal_stim/whitened/004_left_1.gif,2
6023cb37c452c802d4092a35,2988,deviant,2,media/animal_stim/whitened/004_left_1.gif,media/animal_stim/whitened/004_left_2.gif,3
607cd369232ae6802aae703f,5637,all_background,2,media/animal_stim/whitened/003_left_2.gif,media/animal_stim/whitened/003_right_1.gif,1
60aab5b095bcb30ed88be544,766,deviant,2,media/animal_stim/whitened/003_right_2.gif,media/animal_stim/whitened/003_right_1.gif,4
615082e89e3473a3c95df0c5,10450,all_background,2,media/animal_stim/whitened/001_left_1.gif,media/animal_stim/whitened/001_left_2.gif,5
5e4dc0e1506e2f222ce980be,582,all_background,5,media/animal_stim/whitened/006_left_2.gif,media/animal_stim/whitened/006_left_1.gif,1
5f4310b391369a1776db2dde,3770,all_background,6,media/animal_stim/whitened/002_right_1.gif,media/animal_stim/whitened/002_right_2.gif,2
5f13b5cb93d2ed02c439577f,12702,deviant,5,media/animal_stim/whitened/001_right_1.gif,media/animal_stim/whitened/001_left_2.gif,2
607b962bbc14d00d40958065,4614,deviant,6,media/animal_stim/whitened/004_left_2.gif,media/animal_stim/whitened/004_right_1.gif,2
608ab8b9eb657a41933a4ec9,1105,all_background,2,media/animal_stim/whitened/003_right_2.gif,media/animal_stim/whitened/003_left_1.gif,6
615c8512324e80bb9d5ae1ef,1313,deviant,6,media/animal_stim/whitened/005_left_2.gif,media/animal_stim/whitened/005_right_1.gif,3
5f1ea02746999b87b4489f36,529,deviant,2,media/animal_stim/whitened/002_right_1.gif,media/animal_stim/whitened/002_left_2.gif,2
650f65aac58fe4dc08bbe23f,6582,deviant,2,media/animal_stim/whitened/001_right_2.gif,media/animal_stim/whitened/001_right_1.gif,1
652d3715d07b5cf75a43c342,76,deviant,5,media/animal_stim/whitened/006_right_2.gif,media/animal_stim/whitened/006_left_1.gif,5
606dc21c1ce7dc64af9d81fb,10392,deviant,5,media/animal_stim/whitened/002_left_1.gif,media/animal_stim/whitened/002_right_2.gif,5
5bbe4ab0ea3e2600012cefb3,1718,all_background,6,media/animal_stim/whitened/006_left_1.gif,media/animal_stim/whitened/006_right_2.gif,2
60bec2d1325a7544ecaaaeae,5618,deviant,5,media/animal_stim/whitened/001_right_1.gif,media/animal_stim/whitened/001_left_2.gif,5
5f95155d7ae37e0009ed42ac,1009,all_background,5,media/animal_stim/whitened/004_right_2.gif,media/animal_stim/whitened/004_right_1.gif,5
5fb6670a2253293744a37320,3105,deviant,6,media/animal_stim/whitened/006_right_2.gif,media/animal_stim/whitened/006_left_1.gif,4
60aab5b095bcb30ed88be544,11,all_background,2,media/animal_stim/whitened/004_left_1.gif,media/animal_stim/whitened/004_left_2.gif,5
5f4310b391369a1776db2dde,4053,all_background,2,media/animal_stim/whitened/006_right_1.gif,media/animal_stim/whitened/006_right_2.gif,3
5ed93031e5e1620ec088366e,3081,all_background,5,media/animal_stim/whitened/003_right_2.gif,media/animal_stim/whitened/003_left_1.gif,3
5f13b5cb93d2ed02c439577f,5674,all_background,2,media/animal_stim/whitened/005_left_2.gif,media/animal_stim/whitened/005_left_1.gif,3
5b94bd5e24fca300016a9425,11021,deviant,5,media/animal_stim/whitened/001_left_2.gif,media/animal_stim/whitened/001_left_1.gif,6
611d05c997db7c2653864ff4,7360,deviant,2,media/animal_stim/whitened/005_left_2.gif,media/animal_stim/whitened/005_left_1.gif,3
571e332b1bdf1a00119149f2,697,all_background,6,media/animal_stim/whitened/001_right_1.gif,media/animal_stim/whitened/001_left_2.gif,2
6164500233905f2bcfef016b,4859,all_background,2,media/animal_stim/whitened/002_left_2.gif,media/animal_stim/whitened/002_left_1.gif,1
5e4dc0e1506e2f222ce980be,1078,deviant,5,media/animal_stim/whitened/002_right_1.gif,media/animal_stim/whitened/002_right_2.gif,2
5fd6943e7c02cb5d8b70d1be,9070,all_background,2,media/animal_stim/whitened/006_right_2.gif,media/animal_stim/whitened/006_right_1.gif,3
615082e89e3473a3c95df0c5,4420,all_background,6,media/animal_stim/whitened/005_right_1.gif,media/animal_stim/whitened/005_right_2.gif,6
5e7a083fa67e4003adb26881,7955,deviant,6,media/animal_stim/whitened/003_right_1.gif,media/animal_stim/whitened/003_left_2.gif,3
5fb6670a2253293744a37320,3253,deviant,2,media/animal_stim/whitened/003_left_1.gif,media/animal_stim/whitened/003_left_2.gif,5
5f1ea02746999b87b4489f36,45,deviant,5,media/animal_stim/whitened/005_right_1.gif,media/animal_stim/whitened/005_right_2.gif,3
615c8512324e80bb9d5ae1ef,4473,deviant,5,media/animal_stim/whitened/004_left_1.gif,media/animal_stim/whitened/004_left_2.gif,4
652d3715d07b5cf75a43c342,474,all_background,5,media/animal_stim/whitened/001_left_1.gif,media/animal_stim/whitened/001_left_2.gif,6
607cd369232ae6802aae703f,10614,deviant,6,media/animal_stim/whitened/006_left_1.gif,media/animal_stim/whitened/006_left_2.gif,2
5f13b5cb93d2ed02c439577f,5000,deviant,2,media/animal_stim/whitened/004_right_1.gif,media/animal_stim/whitened/004_left_2.gif,4
6023cb37c452c802d4092a35,11506,deviant,6,media/animal_stim/whitened/005_left_1.gif,media/animal_stim/whitened/005_left_2.gif,4
5f95155d7ae37e0009ed42ac,2219,deviant,6,media/animal_stim/whitened/001_right_1.gif,media/animal_stim/whitened/001_left_2.gif,6
5f4310b391369a1776db2dde,10466,deviant,2,media/animal_stim/whitened/005_right_2.gif,media/animal_stim/whitened/005_left_1.gif,4
607b962bbc14d00d40958065,2507,all_background,6,media/animal_stim/whitened/003_right_1.gif,media/animal_stim/whitened/003_left_2.gif,3
60aab5b095bcb30ed88be544,1500,deviant,5,media/animal_stim/whitened/005_right_2.gif,media/animal_stim/whitened/005_left_1.gif,6
60bec2d1325a7544ecaaaeae,4397,all_background,5,media/animal_stim/whitened/005_right_1.gif,media/animal_stim/whitened/005_right_2.gif,6
650f65aac58fe4dc08bbe23f,7476,all_background,5,media/animal_stim/whitened/002_right_1.gif,media/animal_stim/whitened/002_left_2.gif,2
6400e9cbb08c04ebc749dc9a,5161,all_background,6,media/animal_stim/whitened/003_left_2.gif,media/animal_stim/whitened/003_right_1.gif,1
5fd6943e7c02cb5d8b70d1be,9886,deviant,2,media/animal_stim/whitened/002_left_1.gif,media/animal_stim/whitened/002_left_2.gif,4
571e332b1bdf1a00119149f2,4128,deviant,5,media/animal_stim/whitened/005_right_1.gif,media/animal_stim/whitened/005_left_2.gif,3
5e4dc0e1506e2f222ce980be,40,all_background,6,media/animal_stim/whitened/001_right_1.gif,media/animal_stim/whitened/001_left_2.gif,3
6152003488526410fe7cc763,4235,all_background,2,media/animal_stim/whitened/005_left_2.gif,media/animal_stim/whitened/005_left_1.gif,1
611d05c997db7c2653864ff4,7881,all_background,5,media/animal_stim/whitened/003_right_1.gif,media/animal_stim/whitened/003_right_2.gif,4
5e7a083fa67e4003adb26881,2811,all_background,5,media/animal_stim/whitened/005_right_1.gif,media/animal_stim/whitened/005_right_2.gif,4
5f1ea02746999b87b4489f36,1100,all_background,5,media/animal_stim/whitened/004_right_1.gif,media/animal_stim/whitened/004_right_2.gif,4
615c8512324e80bb9d5ae1ef,180,all_background,6,media/animal_stim/whitened/002_left_2.gif,media/animal_stim/whitened/002_right_1.gif,5
6164500233905f2bcfef016b,9629,deviant,5,media/animal_stim/whitened/005_left_2.gif,media/animal_stim/whitened/005_left_1.gif,2
5fb6670a2253293744a37320,5573,deviant,5,media/animal_stim/whitened/002_left_1.gif,media/animal_stim/whitened/002_right_2.gif,6
571e332b1bdf1a00119149f2,528,all_background,2,media/animal_stim/whitened/003_right_1.gif,media/animal_stim/whitened/003_right_2.gif,4
607cd369232ae6802aae703f,4364,all_background,5,media/animal_stim/whitened/004_right_2.gif,media/animal_stim/whitened/004_left_1.gif,3
5f13b5cb93d2ed02c439577f,4559,all_background,5,media/animal_stim/whitened/002_right_2.gif,media/animal_stim/whitened/002_left_1.gif,5
5e7a083fa67e4003adb26881,929,all_background,2,media/animal_stim/whitened/001_left_1.gif,media/animal_stim/whitened/001_right_2.gif,5
6400e9cbb08c04ebc749dc9a,8062,all_background,2,media/animal_stim/whitened/001_right_2.gif,media/animal_stim/whitened/001_left_1.gif,2
5bbe4ab0ea3e2600012cefb3,2818,all_background,5,media/animal_stim/whitened/003_right_1.gif,media/animal_stim/whitened/003_left_2.gif,3
615c8512324e80bb9d5ae1ef,40,deviant,2,media/animal_stim/whitened/006_right_2.gif,media/animal_stim/whitened/006_right_1.gif,6
650f65aac58fe4dc08bbe23f,951,all_background,6,media/animal_stim/whitened/003_left_1.gif,media/animal_stim/whitened/003_left_2.gif,3
5f3d7b3310ad88134a27f2c7,697,deviant,6,media/animal_stim/whitened/001_right_1.gif,media/animal_stim/whitened/001_left_2.gif,1
611d05c997db7c2653864ff4,6747,all_background,2,media/animal_stim/whitened/002_left_2.gif,media/animal_stim/whitened/002_right_1.gif,5
64e5e07bb69b8b95c28540d7,124,all_background,6,media/animal_stim/whitened/005_right_2.gif,media/animal_stim/whitened/005_right_1.gif,1
5f1ea02746999b87b4489f36,49,deviant,6,media/animal_stim/whitened/001_left_1.gif,media/animal_stim/whitened/001_left_2.gif,5
5cd9cd20300c8c00016ea1c4,3490,deviant,5,media/animal_stim/whitened/006_right_2.gif,media/animal_stim/whitened/006_left_1.gif,1
5e7a083fa67e4003adb26881,10157,deviant,2,media/animal_stim/whitened/006_left_1.gif,media/animal_stim/whitened/006_left_2.gif,6
607cd369232ae6802aae703f,2533,all_background,6,media/animal_stim/whitened/001_left_1.gif,media/animal_stim/whitened/001_left_2.gif,4
6164500233905f2bcfef016b,1840,all_background,6,media/animal_stim/whitened/003_left_1.gif,media/animal_stim/whitened/003_right_2.gif,3
6400e9cbb08c04ebc749dc9a,12901,deviant,2,media/animal_stim/whitened/002_right_2.gif,media/animal_stim/whitened/002_right_1.gif,3
607b962bbc14d00d40958065,4253,deviant,2,media/animal_stim/whitened/005_right_1.gif,media/animal_stim/whitened/005_left_2.gif,4
6023cb37c452c802d4092a35,2487,all_background,2,media/animal_stim/whitened/003_right_2.gif,media/animal_stim/whitened/003_left_1.gif,5
5f1ea02746999b87b4489f36,441,all_background,2,media/animal_stim/whitened/003_left_2.gif,media/animal_stim/whitened/003_left_1.gif,6
5f13b5cb93d2ed02c439577f,2166,deviant,6,media/animal_stim/whitened/006_right_1.gif,media/animal_stim/whitened/006_right_2.gif,6
6152003488526410fe7cc763,6762,all_background,6,media/animal_stim/whitened/001_left_2.gif,media/animal_stim/whitened/001_right_1.gif,2
64e5e07bb69b8b95c28540d7,453,deviant,5,media/animal_stim/whitened/004_left_1.gif,media/animal_stim/whitened/004_right_2.gif,2
607cd369232ae6802aae703f,5543,deviant,2,media/animal_stim/whitened/005_left_1.gif,media/animal_stim/whitened/005_left_2.gif,5
607b962bbc14d00d40958065,956,all_background,2,media/animal_stim/whitened/006_right_1.gif,media/animal_stim/whitened/006_right_2.gif,5
60db6cbfbdc2bef6285fe52c,356,deviant,2,media/animal_stim/whitened/002_left_1.gif,media/animal_stim/whitened/002_left_2.gif,1
650f65aac58fe4dc08bbe23f,12098,deviant,6,media/animal_stim/whitened/005_left_2.gif,media/animal_stim/whitened/005_left_1.gif,4
5ed93031e5e1620ec088366e,12037,deviant,5,media/animal_stim/whitened/002_right_2.gif,media/animal_stim/whitened/002_right_1.gif,4
611d05c997db7c2653864ff4,5819,deviant,6,media/animal_stim/whitened/001_right_2.gif,media/animal_stim/whitened/001_left_1.gif,6
6164500233905f2bcfef016b,3490,all_background,5,media/animal_stim/whitened/006_right_1.gif,media/animal_stim/whitened/006_right_2.gif,4
64e5e07bb69b8b95c28540d7,51,all_background,2,media/animal_stim/whitened/002_right_2.gif,media/animal_stim/whitened/002_right_1.gif,3
614f64f9c11bac7b4bb00030,10939,deviant,6,media/animal_stim/whitened/003_left_2.gif,media/animal_stim/whitened/003_left_1.gif,1
5cd9cd20300c8c00016ea1c4,5437,all_background,6,media/animal_stim/whitened/003_left_2.gif,media/animal_stim/whitened/003_left_1.gif,2
6152003488526410fe7cc763,12535,deviant,2,media/animal_stim/whitened/004_right_2.gif,media/animal_stim/whitened/004_right_1.gif,3
613a9193ed68e49209b471b7,327,all_background,6,media/animal_stim/whitened/002_left_2.gif,media/animal_stim/whitened/002_left_1.gif,1
60fd5bc629663dec819d54e3,3832,deviant,5,media/animal_stim/whitened/001_left_1.gif,media/animal_stim/whitened/001_left_2.gif,1
5de60f418f5cd559c333199c,3547,all_background,5,media/animal_stim/whitened/002_right_2.gif,media/animal_stim/whitened/002_right_1.gif,1
59b536d60516f6000197c3f9,8617,all_background,2,media/animal_stim/whitened/001_right_2.gif,media/animal_stim/whitened/001_right_1.gif,1
614e7ae8bd304fe78b7529be,11139,deviant,2,media/animal_stim/whitened/001_right_1.gif,media/animal_stim/whitened/001_left_2.gif,3
607cd369232ae6802aae703f,7976,deviant,5,media/animal_stim/whitened/002_right_2.gif,media/animal_stim/whitened/002_right_1.gif,6
5cd9cd20300c8c00016ea1c4,2019,all_background,2,media/animal_stim/whitened/004_left_2.gif,media/animal_stim/whitened/004_right_1.gif,3
5fc9b1252395584af6debd51,2623,all_background,6,media/animal_stim/whitened/005_left_2.gif,media/animal_stim/whitened/005_left_1.gif,1
5e4dc0e1506e2f222ce980be,1516,deviant,2,media/animal_stim/whitened/004_right_2.gif,media/animal_stim/whitened/004_right_1.gif,4
64e5e07bb69b8b95c28540d7,502,all_background,5,media/animal_stim/whitened/003_right_1.gif,media/animal_stim/whitened/003_right_2.gif,4
5f3d7b3310ad88134a27f2c7,5694,all_background,5,media/animal_stim/whitened/002_right_1.gif,media/animal_stim/whitened/002_left_2.gif,2
5daa9e16546237001681d0f1,3178,all_background,2,media/animal_stim/whitened/002_right_1.gif,media/animal_stim/whitened/002_right_2.gif,1
613a9193ed68e49209b471b7,3940,deviant,2,media/animal_stim/whitened/001_left_2.gif,media/animal_stim/whitened/001_left_1.gif,2
60db6cbfbdc2bef6285fe52c,5079,deviant,6,media/animal_stim/whitened/004_right_2.gif,media/animal_stim/whitened/004_left_1.gif,2
650f65aac58fe4dc08bbe23f,4107,deviant,5,media/animal_stim/whitened/004_right_1.gif,media/animal_stim/whitened/004_left_2.gif,5
6400e9cbb08c04ebc749dc9a,2764,all_background,5,media/animal_stim/whitened/006_left_1.gif,media/animal_stim/whitened/006_left_2.gif,4
5ed3e885034557397f017ef0,528,all_background,2,media/animal_stim/whitened/006_left_1.gif,media/animal_stim/whitened/006_right_2.gif,1
5fc9b1252395584af6debd51,5310,deviant,2,media/animal_stim/whitened/003_right_1.gif,media/animal_stim/whitened/003_right_2.gif,2
614f64f9c11bac7b4bb00030,7767,all_background,5,media/animal_stim/whitened/005_right_1.gif,media/animal_stim/whitened/005_left_2.gif,2
652897157b7546022ed0368e,4582,all_background,6,media/animal_stim/whitened/005_left_1.gif,media/animal_stim/whitened/005_left_2.gif,1
650f65aac58fe4dc08bbe23f,2406,all_background,2,media/animal_stim/whitened/006_right_2.gif,media/animal_stim/whitened/006_right_1.gif,6
6152003488526410fe7cc763,9510,deviant,6,media/animal_stim/whitened/002_left_2.gif,media/animal_stim/whitened/002_left_1.gif,4
64e5e07bb69b8b95c28540d7,2119,deviant,2,media/animal_stim/whitened/001_right_1.gif,media/animal_stim/whitened/001_left_2.gif,5
60fd5bc629663dec819d54e3,2783,deviant,6,media/animal_stim/whitened/002_left_2.gif,media/animal_stim/whitened/002_left_1.gif,2
5cd9cd20300c8c00016ea1c4,1247,all_background,5,media/animal_stim/whitened/002_left_2.gif,media/animal_stim/whitened/002_left_1.gif,4
59b536d60516f6000197c3f9,8813,deviant,5,media/animal_stim/whitened/005_left_2.gif,media/animal_stim/whitened/005_right_1.gif,2
5de60f418f5cd559c333199c,2235,all_background,6,media/animal_stim/whitened/004_left_1.gif,media/animal_stim/whitened/004_right_2.gif,2
5e3ddfadefe641052a0eea8c,3911,all_background,5,media/animal_stim/whitened/004_right_1.gif,media/animal_stim/whitened/004_left_2.gif,1
6037a1d75ddb2f02613d39a2,8926,deviant,2,media/animal_stim/whitened/005_left_1.gif,media/animal_stim/whitened/005_left_2.gif,1
613a9193ed68e49209b471b7,1570,deviant,5,media/animal_stim/whitened/003_right_2.gif,media/animal_stim/whitened/003_left_1.gif,3
6453c29faab6977890801023,5439,all_background,2,media/animal_stim/whitened/003_right_2.gif,media/animal_stim/whitened/003_left_1.gif,1
60d8165bb57cc436cf393815,4615,deviant,5,media/animal_stim/whitened/004_left_1.gif,media/animal_stim/whitened/004_right_2.gif,1
5daa9e16546237001681d0f1,6368,all_background,5,media/animal_stim/whitened/004_left_2.gif,media/animal_stim/whitened/004_left_1.gif,2
60db6cbfbdc2bef6285fe52c,7656,all_background,5,media/animal_stim/whitened/001_right_2.gif,media/animal_stim/whitened/001_right_1.gif,3
613a9193ed68e49209b471b7,1073,all_background,2,media/animal_stim/whitened/006_left_2.gif,media/animal_stim/whitened/006_left_1.gif,4
5f3d7b3310ad88134a27f2c7,2149,all_background,6,media/animal_stim/whitened/004_right_2.gif,media/animal_stim/whitened/004_right_1.gif,3
5e21ee5cc7fe654d13c3f1dc,8369,deviant,2,media/animal_stim/whitened/004_left_2.gif,media/animal_stim/whitened/004_left_1.gif,1
60fd5bc629663dec819d54e3,1227,all_background,5,media/animal_stim/whitened/006_right_2.gif,media/animal_stim/whitened/006_left_1.gif,3
6400e9cbb08c04ebc749dc9a,10506,deviant,5,media/animal_stim/whitened/004_right_1.gif,media/animal_stim/whitened/004_right_2.gif,5
5ed3e885034557397f017ef0,10950,all_background,5,media/animal_stim/whitened/001_right_1.gif,media/animal_stim/whitened/001_left_2.gif,2
5de60f418f5cd559c333199c,8563,deviant,2,media/animal_stim/whitened/005_right_1.gif,media/animal_stim/whitened/005_left_2.gif,3
5fc9b1252395584af6debd51,11481,deviant,5,media/animal_stim/whitened/002_right_1.gif,media/animal_stim/whitened/002_left_2.gif,3
60846edc17ce31d251da7ed1,2738,all_background,2,media/animal_stim/whitened/006_left_1.gif,media/animal_stim/whitened/006_left_2.gif,1
60db6cbfbdc2bef6285fe52c,5442,all_background,2,media/animal_stim/whitened/006_right_2.gif,media/animal_stim/whitened/006_left_1.gif,4
6037a1d75ddb2f02613d39a2,12516,all_background,2,media/animal_stim/whitened/002_left_2.gif,media/animal_stim/whitened/002_left_1.gif,2
64e5e07bb69b8b95c28540d7,2259,deviant,6,media/animal_stim/whitened/006_right_1.gif,media/animal_stim/whitened/006_left_2.gif,6
5cd9cd20300c8c00016ea1c4,5324,deviant,6,media/animal_stim/whitened/005_right_1.gif,media/animal_stim/whitened/005_right_2.gif,5
6453c29faab6977890801023,4996,all_background,5,media/animal_stim/whitened/006_left_1.gif,media/animal_stim/whitened/006_left_2.gif,2
652897157b7546022ed0368e,4180,deviant,2,media/animal_stim/whitened/006_right_1.gif,media/animal_stim/whitened/006_left_2.gif,2
5e21ee5cc7fe654d13c3f1dc,3266,all_background,2,media/animal_stim/whitened/001_left_1.gif,media/animal_stim/whitened/001_left_2.gif,2
59b536d60516f6000197c3f9,9042,deviant,6,media/animal_stim/whitened/004_left_1.gif,media/animal_stim/whitened/004_left_2.gif,3
5dd73f496ca7e76e32b1aa16,1331,all_background,2,media/animal_stim/whitened/003_left_1.gif,media/animal_stim/whitened/003_left_2.gif,1
60d8165bb57cc436cf393815,2341,all_background,6,media/animal_stim/whitened/006_right_2.gif,media/animal_stim/whitened/006_left_1.gif,2
614f64f9c11bac7b4bb00030,7325,all_background,2,media/animal_stim/whitened/004_right_1.gif,media/animal_stim/whitened/004_left_2.gif,3
5e3ddfadefe641052a0eea8c,9262,deviant,6,media/animal_stim/whitened/001_left_2.gif,media/animal_stim/whitened/001_right_1.gif,2
60fd5bc629663dec819d54e3,601,all_background,6,media/animal_stim/whitened/005_right_1.gif,media/animal_stim/whitened/005_right_2.gif,4
5ed3e885034557397f017ef0,7702,deviant,2,media/animal_stim/whitened/004_right_2.gif,media/animal_stim/whitened/004_right_1.gif,3
611bc22b3ed5adb17c5852fa,7367,deviant,6,media/animal_stim/whitened/005_right_2.gif,media/animal_stim/whitened/005_right_1.gif,1
60846edc17ce31d251da7ed1,6954,deviant,2,media/animal_stim/whitened/005_left_1.gif,media/animal_stim/whitened/005_left_2.gif,2
5fc9b1252395584af6debd51,2092,deviant,6,media/animal_stim/whitened/001_right_1.gif,media/animal_stim/whitened/001_right_2.gif,4
59b536d60516f6000197c3f9,9101,deviant,2,media/animal_stim/whitened/002_right_2.gif,media/animal_stim/whitened/002_right_1.gif,4
60f6dc1b554ea9df3855a6c8,7464,all_background,2,media/animal_stim/whitened/006_left_1.gif,media/animal_stim/whitened/006_left_2.gif,1
60db6cbfbdc2bef6285fe52c,676,all_background,6,media/animal_stim/whitened/005_right_2.gif,media/animal_stim/whitened/005_left_1.gif,5
5de60f418f5cd559c333199c,7559,all_background,2,media/animal_stim/whitened/006_left_2.gif,media/animal_stim/whitened/006_left_1.gif,4
60fd5bc629663dec819d54e3,1955,all_background,2,media/animal_stim/whitened/004_left_1.gif,media/animal_stim/whitened/004_left_2.gif,5
5e3ddfadefe641052a0eea8c,4994,all_background,2,media/animal_stim/whitened/005_right_1.gif,media/animal_stim/whitened/005_left_2.gif,3
6152003488526410fe7cc763,5558,all_background,5,media/animal_stim/whitened/006_right_2.gif,media/animal_stim/whitened/006_right_1.gif,5
6453c29faab6977890801023,6838,deviant,5,media/animal_stim/whitened/001_left_2.gif,media/animal_stim/whitened/001_left_1.gif,3
5daa9e16546237001681d0f1,10619,deviant,2,media/animal_stim/whitened/006_left_2.gif,media/animal_stim/whitened/006_left_1.gif,3
5cd9cd20300c8c00016ea1c4,12924,deviant,2,media/animal_stim/whitened/001_right_1.gif,media/animal_stim/whitened/001_right_2.gif,6
652897157b7546022ed0368e,3487,deviant,6,media/animal_stim/whitened/003_left_2.gif,media/animal_stim/whitened/003_left_1.gif,3
5e21ee5cc7fe654d13c3f1dc,8050,all_background,5,media/animal_stim/whitened/002_left_2.gif,media/animal_stim/whitened/002_left_1.gif,3
60fd5bc629663dec819d54e3,2444,deviant,2,media/animal_stim/whitened/003_left_2.gif,media/animal_stim/whitened/003_right_1.gif,6
5cfc19ae3ce1c80001ddd88d,446,all_background,6,media/animal_stim/whitened/002_right_1.gif,media/animal_stim/whitened/002_left_2.gif,1
59b536d60516f6000197c3f9,2540,all_background,5,media/animal_stim/whitened/003_right_2.gif,media/animal_stim/whitened/003_left_1.gif,5
60846edc17ce31d251da7ed1,4200,all_background,5,media/animal_stim/whitened/004_right_2.gif,media/animal_stim/whitened/004_right_1.gif,3
614f64f9c11bac7b4bb00030,3077,all_background,6,media/animal_stim/whitened/006_right_1.gif,media/animal_stim/whitened/006_left_2.gif,4
60f6dc1b554ea9df3855a6c8,1775,all_background,5,media/animal_stim/whitened/005_left_1.gif,media/animal_stim/whitened/005_right_2.gif,2
60db6cbfbdc2bef6285fe52c,3664,deviant,5,media/animal_stim/whitened/003_right_2.gif,media/animal_stim/whitened/003_right_1.gif,6
65099cc80770189cc9c31ca6,1033,all_background,5,media/animal_stim/whitened/001_left_2.gif,media/animal_stim/whitened/001_right_1.gif,1
605d54bdad62f3a65e139402,2985,all_background,6,media/animal_stim/whitened/001_right_2.gif,media/animal_stim/whitened/001_right_1.gif,1
5de60f418f5cd559c333199c,5467,deviant,5,media/animal_stim/whitened/003_left_1.gif,media/animal_stim/whitened/003_right_2.gif,5
5daa9e16546237001681d0f1,1628,all_background,6,media/animal_stim/whitened/005_right_2.gif,media/animal_stim/whitened/005_left_1.gif,4
611bc22b3ed5adb17c5852fa,9018,deviant,5,media/animal_stim/whitened/006_left_2.gif,media/animal_stim/whitened/006_right_1.gif,2
5e3ddfadefe641052a0eea8c,10144,deviant,5,media/animal_stim/whitened/002_left_2.gif,media/animal_stim/whitened/002_left_1.gif,4
60ff5536a0a45d27c45079b9,3891,deviant,6,media/animal_stim/whitened/002_right_2.gif,media/animal_stim/whitened/002_right_1.gif,1
652897157b7546022ed0368e,1417,deviant,5,media/animal_stim/whitened/004_left_2.gif,media/animal_stim/whitened/004_left_1.gif,4
5cfc19ae3ce1c80001ddd88d,4414,all_background,2,media/animal_stim/whitened/003_right_1.gif,media/animal_stim/whitened/003_right_2.gif,2
6453c29faab6977890801023,5755,deviant,6,media/animal_stim/whitened/005_left_1.gif,media/animal_stim/whitened/005_right_2.gif,4
5e21ee5cc7fe654d13c3f1dc,6082,all_background,6,media/animal_stim/whitened/003_right_2.gif,media/animal_stim/whitened/003_left_1.gif,4
5f4d23b56bf20b9817acf539,1174,all_background,2,media/animal_stim/whitened/004_right_1.gif,media/animal_stim/whitened/004_right_2.gif,1
59b536d60516f6000197c3f9,3279,all_background,6,media/animal_stim/whitened/006_right_2.gif,media/animal_stim/whitened/006_right_1.gif,6
60846edc17ce31d251da7ed1,194,all_background,6,media/animal_stim/whitened/001_right_2.gif,media/animal_stim/whitened/001_right_1.gif,4
64f0d5a885a37bdffa45ecb9,3461,deviant,5,media/animal_stim/whitened/003_left_2.gif,media/animal_stim/whitened/003_left_1.gif,1
60f6dc1b554ea9df3855a6c8,5318,deviant,5,media/animal_stim/whitened/002_right_1.gif,media/animal_stim/whitened/002_left_2.gif,3
652897157b7546022ed0368e,1024,all_background,2,media/animal_stim/whitened/001_left_2.gif,media/animal_stim/whitened/001_left_1.gif,5
60db9a1eb82917b04a2f99fa,557,all_background,5,media/animal_stim/whitened/002_right_2.gif,media/animal_stim/whitened/002_left_1.gif,1
5e3ddfadefe641052a0eea8c,6515,deviant,2,media/animal_stim/whitened/006_right_1.gif,media/animal_stim/whitened/006_left_2.gif,5
614f64f9c11bac7b4bb00030,11078,deviant,5,media/animal_stim/whitened/002_right_2.gif,media/animal_stim/whitened/002_left_1.gif,5
605d54bdad62f3a65e139402,4301,deviant,5,media/animal_stim/whitened/006_right_2.gif,media/animal_stim/whitened/006_right_1.gif,2
5de60f418f5cd559c333199c,6135,deviant,6,media/animal_stim/whitened/001_left_2.gif,media/animal_stim/whitened/001_right_1.gif,6
5cfc19ae3ce1c80001ddd88d,1013,all_background,5,media/animal_stim/whitened/001_right_2.gif,media/animal_stim/whitened/001_left_1.gif,3
6453c29faab6977890801023,1119,all_background,6,media/animal_stim/whitened/004_right_1.gif,media/animal_stim/whitened/004_left_2.gif,5
64f0d5a885a37bdffa45ecb9,1171,all_background,2,media/animal_stim/whitened/005_right_2.gif,media/animal_stim/whitened/005_right_1.gif,2
5daa9e16546237001681d0f1,11354,deviant,6,media/animal_stim/whitened/001_right_2.gif,media/animal_stim/whitened/001_right_1.gif,5
60ff5536a0a45d27c45079b9,8194,all_background,6,media/animal_stim/whitened/003_right_2.gif,media/animal_stim/whitened/003_left_1.gif,2
5f4d23b56bf20b9817acf539,1828,deviant,5,media/animal_stim/whitened/002_left_1.gif,media/animal_stim/whitened/002_left_2.gif,2
5cfe250ac108a70017272454,747,all_background,6,media/animal_stim/whitened/003_right_2.gif,media/animal_stim/whitened/003_left_1.gif,1
60f6dc1b554ea9df3855a6c8,5385,deviant,2,media/animal_stim/whitened/004_right_1.gif,media/animal_stim/whitened/004_left_2.gif,4
60d8165bb57cc436cf393815,5329,deviant,6,media/animal_stim/whitened/005_left_1.gif,media/animal_stim/whitened/005_left_2.gif,3
5e21ee5cc7fe654d13c3f1dc,8155,deviant,5,media/animal_stim/whitened/006_left_2.gif,media/animal_stim/whitened/006_right_1.gif,5
60bb23e62d838aa285ce7730,8202,deviant,5,media/animal_stim/whitened/003_right_1.gif,media/animal_stim/whitened/003_left_2.gif,1
6453c2df1b56ea2d0b96df79,8715,all_background,5,media/animal_stim/whitened/001_left_2.gif,media/animal_stim/whitened/001_right_1.gif,1
652897157b7546022ed0368e,942,all_background,5,media/animal_stim/whitened/002_left_1.gif,media/animal_stim/whitened/002_right_2.gif,6
6453c29faab6977890801023,5894,deviant,2,media/animal_stim/whitened/002_right_1.gif,media/animal_stim/whitened/002_left_2.gif,6
5e3ddfadefe641052a0eea8c,780,all_background,6,media/animal_stim/whitened/003_left_2.gif,media/animal_stim/whitened/003_left_1.gif,6
6037a1d75ddb2f02613d39a2,8254,all_background,5,media/animal_stim/whitened/003_right_2.gif,media/animal_stim/whitened/003_left_1.gif,3
60daa04078dbac52c1547920,1643,all_background,2,media/animal_stim/whitened/005_right_1.gif,media/animal_stim/whitened/005_left_2.gif,1
60d8165bb57cc436cf393815,2019,all_background,2,media/animal_stim/whitened/003_right_1.gif,media/animal_stim/whitened/003_left_2.gif,4
60ff5536a0a45d27c45079b9,5001,all_background,2,media/animal_stim/whitened/006_left_1.gif,media/animal_stim/whitened/006_right_2.gif,3
60db9a1eb82917b04a2f99fa,5365,deviant,5,media/animal_stim/whitened/006_right_2.gif,media/animal_stim/whitened/006_left_1.gif,2
605d54bdad62f3a65e139402,2692,all_background,5,media/animal_stim/whitened/002_left_2.gif,media/animal_stim/whitened/002_left_1.gif,3
61593a6921f846c057296901,3335,all_background,5,media/animal_stim/whitened/006_left_1.gif,media/animal_stim/whitened/006_left_2.gif,1
64e8c14bbe184c20cb9d0583,1736,all_background,5,media/animal_stim/whitened/004_right_2.gif,media/animal_stim/whitened/004_left_1.gif,1
5ec454e23d68ea32ee554d12,2505,all_background,2,media/animal_stim/whitened/005_left_1.gif,media/animal_stim/whitened/005_right_2.gif,1
5cfe250ac108a70017272454,1737,deviant,2,media/animal_stim/whitened/004_right_2.gif,media/animal_stim/whitened/004_left_1.gif,2
64f0d5a885a37bdffa45ecb9,5094,all_background,5,media/animal_stim/whitened/001_right_1.gif,media/animal_stim/whitened/001_left_2.gif,3
5cfc19ae3ce1c80001ddd88d,1070,deviant,6,media/animal_stim/whitened/005_right_2.gif,media/animal_stim/whitened/005_left_1.gif,4
5f4d23b56bf20b9817acf539,285,all_background,5,media/animal_stim/whitened/001_left_2.gif,media/animal_stim/whitened/001_right_1.gif,3
65099cc80770189cc9c31ca6,7213,deviant,5,media/animal_stim/whitened/004_right_1.gif,media/animal_stim/whitened/004_left_2.gif,2
611bc22b3ed5adb17c5852fa,8726,deviant,2,media/animal_stim/whitened/003_right_2.gif,media/animal_stim/whitened/003_right_1.gif,3
606e2c6d64e3ba353fb68bd5,6597,deviant,6,media/animal_stim/whitened/004_left_1.gif,media/animal_stim/whitened/004_left_2.gif,1
649261258e088c0234008167,6377,all_background,6,media/animal_stim/whitened/004_left_2.gif,media/animal_stim/whitened/004_right_1.gif,1
60ff5536a0a45d27c45079b9,2252,deviant,2,media/animal_stim/whitened/004_right_2.gif,media/animal_stim/whitened/004_right_1.gif,4
5ea00a03e32996000ac2da80,3803,deviant,5,media/animal_stim/whitened/001_left_1.gif,media/animal_stim/whitened/001_left_2.gif,1
5e86972528aacd2d57010c07,1566,all_background,2,media/animal_stim/whitened/003_right_1.gif,media/animal_stim/whitened/003_left_2.gif,1
64e8c14bbe184c20cb9d0583,1899,deviant,2,media/animal_stim/whitened/003_right_2.gif,media/animal_stim/whitened/003_left_1.gif,2
60f6dc1b554ea9df3855a6c8,7393,all_background,6,media/animal_stim/whitened/003_right_2.gif,media/animal_stim/whitened/003_right_1.gif,5
5cfc19ae3ce1c80001ddd88d,962,deviant,2,media/animal_stim/whitened/004_right_2.gif,media/animal_stim/whitened/004_right_1.gif,5
60d8165bb57cc436cf393815,1561,all_background,5,media/animal_stim/whitened/001_left_1.gif,media/animal_stim/whitened/001_right_2.gif,5
60846edc17ce31d251da7ed1,4342,deviant,6,media/animal_stim/whitened/003_right_1.gif,media/animal_stim/whitened/003_left_2.gif,5
5b98bdebd3ccc00001fea097,4874,deviant,5,media/animal_stim/whitened/006_left_1.gif,media/animal_stim/whitened/006_right_2.gif,1
60bb23e62d838aa285ce7730,5539,all_background,6,media/animal_stim/whitened/004_right_1.gif,media/animal_stim/whitened/004_left_2.gif,2
60db9a1eb82917b04a2f99fa,2838,deviant,6,media/animal_stim/whitened/001_right_1.gif,media/animal_stim/whitened/001_right_2.gif,3
5ea00a03e32996000ac2da80,241,deviant,2,media/animal_stim/whitened/006_left_1.gif,media/animal_stim/whitened/006_right_2.gif,2
605d54bdad62f3a65e139402,2827,deviant,6,media/animal_stim/whitened/003_left_1.gif,media/animal_stim/whitened/003_right_2.gif,4
6037a1d75ddb2f02613d39a2,8084,deviant,6,media/animal_stim/whitened/006_left_2.gif,media/animal_stim/whitened/006_left_1.gif,4
5cfe250ac108a70017272454,1163,all_background,5,media/animal_stim/whitened/006_left_2.gif,media/animal_stim/whitened/006_right_1.gif,3
64f0d5a885a37bdffa45ecb9,1019,deviant,6,media/animal_stim/whitened/002_left_2.gif,media/animal_stim/whitened/002_left_1.gif,4
5f4d23b56bf20b9817acf539,903,deviant,6,media/animal_stim/whitened/006_left_2.gif,media/animal_stim/whitened/006_left_1.gif,4
646bed96d5482decaf0397c9,2393,all_background,2,media/animal_stim/whitened/001_right_2.gif,media/animal_stim/whitened/001_left_1.gif,1
613add879e40150ca89fd051,2164,all_background,5,media/animal_stim/whitened/005_left_1.gif,media/animal_stim/whitened/005_left_2.gif,1
646d4c0ab294096f5fd8c9a6,1338,deviant,2,media/animal_stim/whitened/006_left_2.gif,media/animal_stim/whitened/006_left_1.gif,1
5ec5a55832a7515e8324a8a8,132,all_background,5,media/animal_stim/whitened/005_right_1.gif,media/animal_stim/whitened/005_left_2.gif,1
5f4208b6a546dc0008ac733e,5804,all_background,2,media/animal_stim/whitened/006_right_2.gif,media/animal_stim/whitened/006_right_1.gif,1
611bc22b3ed5adb17c5852fa,9381,all_background,2,media/animal_stim/whitened/001_left_2.gif,media/animal_stim/whitened/001_right_1.gif,4
60d8165bb57cc436cf393815,7730,deviant,2,media/animal_stim/whitened/002_right_2.gif,media/animal_stim/whitened/002_left_1.gif,6
60ff5536a0a45d27c45079b9,3422,deviant,5,media/animal_stim/whitened/005_left_2.gif,media/animal_stim/whitened/005_left_1.gif,5
5ec454e23d68ea32ee554d12,12579,deviant,6,media/animal_stim/whitened/006_right_1.gif,media/animal_stim/whitened/006_left_2.gif,2
64e8c14bbe184c20cb9d0583,1435,deviant,5,media/animal_stim/whitened/002_right_1.gif,media/animal_stim/whitened/002_right_2.gif,3
606e2c6d64e3ba353fb68bd5,2583,all_background,6,media/animal_stim/whitened/005_left_1.gif,media/animal_stim/whitened/005_left_2.gif,2
5cfc19ae3ce1c80001ddd88d,1200,deviant,5,media/animal_stim/whitened/006_left_1.gif,media/animal_stim/whitened/006_left_2.gif,6
5e86972528aacd2d57010c07,1467,all_background,6,media/animal_stim/whitened/002_left_1.gif,media/animal_stim/whitened/002_right_2.gif,2
60daa04078dbac52c1547920,4948,deviant,6,media/animal_stim/whitened/006_left_2.gif,media/animal_stim/whitened/006_right_1.gif,2
5ea00a03e32996000ac2da80,2021,all_background,2,media/animal_stim/whitened/002_right_2.gif,media/animal_stim/whitened/002_right_1.gif,3
6453c2df1b56ea2d0b96df79,9382,all_background,2,media/animal_stim/whitened/003_left_2.gif,media/animal_stim/whitened/003_right_1.gif,2
613add879e40150ca89fd051,2718,all_background,2,media/animal_stim/whitened/006_right_2.gif,media/animal_stim/whitened/006_right_1.gif,2
651c594b96fb024b6dd15122,9282,deviant,6,media/animal_stim/whitened/003_left_2.gif,media/animal_stim/whitened/003_right_1.gif,1
605d54bdad62f3a65e139402,4416,deviant,2,media/animal_stim/whitened/005_left_1.gif,media/animal_stim/whitened/005_right_2.gif,5
64a17681cb7463c8b8764866,3238,deviant,6,media/animal_stim/whitened/005_left_1.gif,media/animal_stim/whitened/005_left_2.gif,1
5b98bdebd3ccc00001fea097,1839,deviant,6,media/animal_stim/whitened/004_left_1.gif,media/animal_stim/whitened/004_left_2.gif,2
60bb23e62d838aa285ce7730,8870,all_background,2,media/animal_stim/whitened/002_left_1.gif,media/animal_stim/whitened/002_left_2.gif,3
60f6dc1b554ea9df3855a6c8,4898,deviant,6,media/animal_stim/whitened/001_left_1.gif,media/animal_stim/whitened/001_left_2.gif,6
61593a6921f846c057296901,1143,all_background,6,media/animal_stim/whitened/002_right_2.gif,media/animal_stim/whitened/002_right_1.gif,2
5ec5a55832a7515e8324a8a8,193,all_background,2,media/animal_stim/whitened/006_left_2.gif,media/animal_stim/whitened/006_right_1.gif,2
5cfe250ac108a70017272454,685,deviant,5,media/animal_stim/whitened/001_left_2.gif,media/animal_stim/whitened/001_right_1.gif,4
65099cc80770189cc9c31ca6,7037,deviant,2,media/animal_stim/whitened/002_left_2.gif,media/animal_stim/whitened/002_right_1.gif,3
60db9a1eb82917b04a2f99fa,1209,all_background,6,media/animal_stim/whitened/003_right_1.gif,media/animal_stim/whitened/003_right_2.gif,4
5f4d23b56bf20b9817acf539,1607,all_background,6,media/animal_stim/whitened/005_left_1.gif,media/animal_stim/whitened/005_left_2.gif,5
646d4c0ab294096f5fd8c9a6,1354,all_background,5,media/animal_stim/whitened/005_right_1.gif,media/animal_stim/whitened/005_left_2.gif,2
64f0d5a885a37bdffa45ecb9,6825,all_background,6,media/animal_stim/whitened/006_right_1.gif,media/animal_stim/whitened/006_left_2.gif,5
56cfd0ddd691bb000697baef,7801,deviant,6,media/animal_stim/whitened/003_right_1.gif,media/animal_stim/whitened/003_left_2.gif,1
60ff5536a0a45d27c45079b9,4579,all_background,5,media/animal_stim/whitened/001_left_1.gif,media/animal_stim/whitened/001_right_2.gif,6
5b98bdebd3ccc00001fea097,1995,deviant,2,media/animal_stim/whitened/001_left_2.gif,media/animal_stim/whitened/001_right_1.gif,3
5ec454e23d68ea32ee554d12,848,all_background,6,media/animal_stim/whitened/004_right_2.gif,media/animal_stim/whitened/004_left_1.gif,3
605d54bdad62f3a65e139402,2689,all_background,2,media/animal_stim/whitened/004_left_1.gif,media/animal_stim/whitened/004_right_2.gif,6
64e8c14bbe184c20cb9d0583,1332,deviant,6,media/animal_stim/whitened/006_right_2.gif,media/animal_stim/whitened/006_right_1.gif,4
5ea00a03e32996000ac2da80,1931,all_background,5,media/animal_stim/whitened/004_left_1.gif,media/animal_stim/whitened/004_right_2.gif,4
613add879e40150ca89fd051,1699,deviant,5,media/animal_stim/whitened/001_right_1.gif,media/animal_stim/whitened/001_left_2.gif,3
5e86972528aacd2d57010c07,4100,all_background,5,media/animal_stim/whitened/005_right_2.gif,media/animal_stim/whitened/005_left_1.gif,3
64a17681cb7463c8b8764866,2059,all_background,2,media/animal_stim/whitened/006_left_2.gif,media/animal_stim/whitened/006_right_1.gif,2
646bed96d5482decaf0397c9,3672,deviant,6,media/animal_stim/whitened/004_right_2.gif,media/animal_stim/whitened/004_right_1.gif,2
60db9a1eb82917b04a2f99fa,4834,all_background,2,media/animal_stim/whitened/005_right_1.gif,media/animal_stim/whitened/005_right_2.gif,5
64f0d5a885a37bdffa45ecb9,1702,deviant,2,media/animal_stim/whitened/004_right_1.gif,media/animal_stim/whitened/004_left_2.gif,6
60daa04078dbac52c1547920,1354,all_background,6,media/animal_stim/whitened/004_right_1.gif,media/animal_stim/whitened/004_right_2.gif,3
5f4d23b56bf20b9817acf539,4027,deviant,2,media/animal_stim/whitened/003_right_2.gif,media/animal_stim/whitened/003_left_1.gif,6
61593a6921f846c057296901,4819,deviant,5,media/animal_stim/whitened/001_left_2.gif,media/animal_stim/whitened/001_right_1.gif,3
64e8c14bbe184c20cb9d0583,1900,all_background,2,media/animal_stim/whitened/001_left_1.gif,media/animal_stim/whitened/001_right_2.gif,5
6453c2df1b56ea2d0b96df79,10672,deviant,6,media/animal_stim/whitened/002_right_2.gif,media/animal_stim/whitened/002_right_1.gif,3
5cfe250ac108a70017272454,655,deviant,6,media/animal_stim/whitened/005_left_1.gif,media/animal_stim/whitened/005_right_2.gif,5
646d4c0ab294096f5fd8c9a6,2154,deviant,5,media/animal_stim/whitened/003_left_1.gif,media/animal_stim/whitened/003_left_2.gif,3
60bb23e62d838aa285ce7730,8859,deviant,6,media/animal_stim/whitened/006_left_1.gif,media/animal_stim/whitened/006_left_2.gif,4
613ad3239acd5465b71e04a5,5304,all_background,5,media/animal_stim/whitened/004_right_1.gif,media/animal_stim/whitened/004_right_2.gif,1
5cefbe6f1234ed0001970821,3563,deviant,2,media/animal_stim/whitened/004_right_2.gif,media/animal_stim/whitened/004_right_1.gif,1
613add879e40150ca89fd051,3310,deviant,2,media/animal_stim/whitened/002_left_1.gif,media/animal_stim/whitened/002_left_2.gif,4
5b98bdebd3ccc00001fea097,1274,all_background,6,media/animal_stim/whitened/002_left_1.gif,media/animal_stim/whitened/002_left_2.gif,4
5ec5a55832a7515e8324a8a8,123,deviant,6,media/animal_stim/whitened/003_left_1.gif,media/animal_stim/whitened/003_left_2.gif,3
5ea00a03e32996000ac2da80,696,all_background,6,media/animal_stim/whitened/005_right_2.gif,media/animal_stim/whitened/005_left_1.gif,5
5ec454e23d68ea32ee554d12,4278,deviant,5,media/animal_stim/whitened/002_left_1.gif,media/animal_stim/whitened/002_left_2.gif,4
60daa04078dbac52c1547920,6129,deviant,2,media/animal_stim/whitened/001_left_1.gif,media/animal_stim/whitened/001_right_2.gif,4
60db9a1eb82917b04a2f99fa,5514,deviant,2,media/animal_stim/whitened/004_right_2.gif,media/animal_stim/whitened/004_left_1.gif,6
5e86972528aacd2d57010c07,3115,deviant,6,media/animal_stim/whitened/001_right_2.gif,media/animal_stim/whitened/001_right_1.gif,4
5cfe250ac108a70017272454,597,all_background,2,media/animal_stim/whitened/002_left_1.gif,media/animal_stim/whitened/002_right_2.gif,6
5e083e0a35a7a5178670e03e,12514,deviant,6,media/animal_stim/whitened/004_left_1.gif,media/animal_stim/whitened/004_right_2.gif,1
5b98bdebd3ccc00001fea097,772,all_background,2,media/animal_stim/whitened/005_right_1.gif,media/animal_stim/whitened/005_left_2.gif,5
56cfd0ddd691bb000697baef,11542,all_background,5,media/animal_stim/whitened/005_left_1.gif,media/animal_stim/whitened/005_right_2.gif,2
646bed96d5482decaf0397c9,1398,all_background,5,media/animal_stim/whitened/003_left_2.gif,media/animal_stim/whitened/003_left_1.gif,3
5ef55bd12b81b2000adbc771,412,all_background,5,media/animal_stim/whitened/004_left_2.gif,media/animal_stim/whitened/004_left_1.gif,1
64a17681cb7463c8b8764866,2281,deviant,5,media/animal_stim/whitened/001_left_1.gif,media/animal_stim/whitened/001_left_2.gif,3
64e8c14bbe184c20cb9d0583,558,all_background,6,media/animal_stim/whitened/005_right_1.gif,media/animal_stim/whitened/005_left_2.gif,6
61593a6921f846c057296901,3336,deviant,6,media/animal_stim/whitened/005_right_1.gif,media/animal_stim/whitened/005_right_2.gif,4
60bb23e62d838aa285ce7730,4161,all_background,5,media/animal_stim/whitened/001_right_2.gif,media/animal_stim/whitened/001_left_1.gif,5
646d4c0ab294096f5fd8c9a6,1032,deviant,6,media/animal_stim/whitened/001_left_2.gif,media/animal_stim/whitened/001_right_1.gif,4
613add879e40150ca89fd051,2047,deviant,6,media/animal_stim/whitened/004_left_2.gif,media/animal_stim/whitened/004_right_1.gif,5
6453c2df1b56ea2d0b96df79,9514,deviant,5,media/animal_stim/whitened/005_left_1.gif,media/animal_stim/whitened/005_right_2.gif,4
5ec454e23d68ea32ee554d12,1285,all_background,5,media/animal_stim/whitened/003_right_1.gif,media/animal_stim/whitened/003_left_2.gif,5
5ef55bd12b81b2000adbc771,330,all_background,2,media/animal_stim/whitened/005_right_1.gif,media/animal_stim/whitened/005_right_2.gif,2
60daa04078dbac52c1547920,1294,all_background,5,media/animal_stim/whitened/003_left_2.gif,media/animal_stim/whitened/003_right_1.gif,5
606e2c6d64e3ba353fb68bd5,2827,all_background,5,media/animal_stim/whitened/006_left_1.gif,media/animal_stim/whitened/006_right_2.gif,3
61593a6921f846c057296901,2834,all_background,2,media/animal_stim/whitened/003_right_2.gif,media/animal_stim/whitened/003_left_1.gif,5
5b98bdebd3ccc00001fea097,547,all_background,5,media/animal_stim/whitened/003_right_2.gif,media/animal_stim/whitened/003_left_1.gif,6
646bed96d5482decaf0397c9,621,deviant,2,media/animal_stim/whitened/002_left_2.gif,media/animal_stim/whitened/002_left_1.gif,4
5fc452df39c5f23dd403a57e,456,deviant,2,media/animal_stim/whitened/003_left_1.gif,media/animal_stim/whitened/003_right_2.gif,1
56cfd0ddd691bb000697baef,3419,all_background,2,media/animal_stim/whitened/006_left_2.gif,media/animal_stim/whitened/006_right_1.gif,3
5cefbe6f1234ed0001970821,2969,deviant,5,media/animal_stim/whitened/003_right_2.gif,media/animal_stim/whitened/003_left_1.gif,2
5ea00a03e32996000ac2da80,5117,deviant,6,media/animal_stim/whitened/003_left_1.gif,media/animal_stim/whitened/003_right_2.gif,6
649261258e088c0234008167,5845,deviant,6,media/animal_stim/whitened/002_right_2.gif,media/animal_stim/whitened/002_right_1.gif,2
65099cc80770189cc9c31ca6,5519,all_background,2,media/animal_stim/whitened/006_right_1.gif,media/animal_stim/whitened/006_right_2.gif,4
5e86972528aacd2d57010c07,2251,deviant,5,media/animal_stim/whitened/004_left_1.gif,media/animal_stim/whitened/004_right_2.gif,5
5f4208b6a546dc0008ac733e,1415,all_background,5,media/animal_stim/whitened/002_left_2.gif,media/animal_stim/whitened/002_right_1.gif,2
60bb23e62d838aa285ce7730,11538,deviant,2,media/animal_stim/whitened/005_right_2.gif,media/animal_stim/whitened/005_left_1.gif,6
5ec454e23d68ea32ee554d12,5213,deviant,2,media/animal_stim/whitened/001_left_1.gif,media/animal_stim/whitened/001_right_2.gif,6
613add879e40150ca89fd051,992,all_background,6,media/animal_stim/whitened/003_left_1.gif,media/animal_stim/whitened/003_right_2.gif,6
615e04283f4381cb55f9384a,473,deviant,2,media/animal_stim/whitened/006_right_1.gif,media/animal_stim/whitened/006_right_2.gif,1
60daa04078dbac52c1547920,1116,deviant,5,media/animal_stim/whitened/002_right_2.gif,media/animal_stim/whitened/002_right_1.gif,6
5ef55bd12b81b2000adbc771,1626,deviant,6,media/animal_stim/whitened/006_left_1.gif,media/animal_stim/whitened/006_right_2.gif,3
64a17681cb7463c8b8764866,1669,all_background,5,media/animal_stim/whitened/002_left_1.gif,media/animal_stim/whitened/002_left_2.gif,4
5cf9de227cb81800012766ef,3753,deviant,5,media/animal_stim/whitened/006_right_1.gif,media/animal_stim/whitened/006_left_2.gif,1
615e411d1078586940f3fee9,6134,all_background,6,media/animal_stim/whitened/004_right_2.gif,media/animal_stim/whitened/004_right_1.gif,1
6453c2df1b56ea2d0b96df79,1252,all_background,6,media/animal_stim/whitened/004_left_1.gif,media/animal_stim/whitened/004_left_2.gif,5
646d4c0ab294096f5fd8c9a6,553,all_background,6,media/animal_stim/whitened/002_left_1.gif,media/animal_stim/whitened/002_left_2.gif,5
5fc452df39c5f23dd403a57e,2293,deviant,6,media/animal_stim/whitened/001_left_2.gif,media/animal_stim/whitened/001_right_1.gif,2
649261258e088c0234008167,4610,all_background,5,media/animal_stim/whitened/006_right_1.gif,media/animal_stim/whitened/006_right_2.gif,3
646bed96d5482decaf0397c9,1031,all_background,6,media/animal_stim/whitened/006_left_1.gif,media/animal_stim/whitened/006_left_2.gif,5
651c594b96fb024b6dd15122,648,all_background,6,media/animal_stim/whitened/002_right_1.gif,media/animal_stim/whitened/002_left_2.gif,2
5cefbe6f1234ed0001970821,7330,all_background,6,media/animal_stim/whitened/005_right_1.gif,media/animal_stim/whitened/005_right_2.gif,3
56cfd0ddd691bb000697baef,6492,deviant,5,media/animal_stim/whitened/002_right_2.gif,media/animal_stim/whitened/002_left_1.gif,4
5f4208b6a546dc0008ac733e,3748,all_background,6,media/animal_stim/whitened/005_left_1.gif,media/animal_stim/whitened/005_left_2.gif,3
646d4c0ab294096f5fd8c9a6,639,all_background,2,media/animal_stim/whitened/004_left_1.gif,media/animal_stim/whitened/004_left_2.gif,6
64a17681cb7463c8b8764866,3082,deviant,2,media/animal_stim/whitened/003_left_2.gif,media/animal_stim/whitened/003_right_1.gif,5
5ef55bd12b81b2000adbc771,1649,deviant,5,media/animal_stim/whitened/003_left_2.gif,media/animal_stim/whitened/003_right_1.gif,4
651c594b96fb024b6dd15122,3510,all_background,2,media/animal_stim/whitened/001_right_2.gif,media/animal_stim/whitened/001_right_1.gif,3
5e083e0a35a7a5178670e03e,1242,all_background,2,media/animal_stim/whitened/002_right_2.gif,media/animal_stim/whitened/002_left_1.gif,2
615e411d1078586940f3fee9,2247,deviant,5,media/animal_stim/whitened/003_left_1.gif,media/animal_stim/whitened/003_left_2.gif,2
5fc452df39c5f23dd403a57e,1291,all_background,6,media/animal_stim/whitened/006_right_2.gif,media/animal_stim/whitened/006_right_1.gif,3
615e04283f4381cb55f9384a,655,deviant,5,media/animal_stim/whitened/001_right_1.gif,media/animal_stim/whitened/001_left_2.gif,2
646bed96d5482decaf0397c9,359,deviant,5,media/animal_stim/whitened/005_right_1.gif,media/animal_stim/whitened/005_left_2.gif,6
5cefbe6f1234ed0001970821,4525,all_background,5,media/animal_stim/whitened/001_right_2.gif,media/animal_stim/whitened/001_right_1.gif,4
56cfd0ddd691bb000697baef,10336,deviant,2,media/animal_stim/whitened/001_left_2.gif,media/animal_stim/whitened/001_left_1.gif,5
5f4208b6a546dc0008ac733e,3991,deviant,5,media/animal_stim/whitened/003_right_2.gif,media/animal_stim/whitened/003_right_1.gif,4
5e083e0a35a7a5178670e03e,4915,deviant,2,media/animal_stim/whitened/006_right_1.gif,media/animal_stim/whitened/006_left_2.gif,3
5ef55bd12b81b2000adbc771,5667,all_background,6,media/animal_stim/whitened/002_right_2.gif,media/animal_stim/whitened/002_left_1.gif,5
5fc452df39c5f23dd403a57e,2046,all_background,5,media/animal_stim/whitened/005_left_1.gif,media/animal_stim/whitened/005_right_2.gif,4
64a17681cb7463c8b8764866,6485,all_background,6,media/animal_stim/whitened/004_left_1.gif,media/animal_stim/whitened/004_left_2.gif,6
615e04283f4381cb55f9384a,1138,all_background,6,media/animal_stim/whitened/005_left_2.gif,media/animal_stim/whitened/005_right_1.gif,3
6169abd4e006adba4739143e,7703,deviant,2,media/animal_stim/whitened/004_right_2.gif,media/animal_stim/whitened/004_right_1.gif,1
5ec6a814c615390ad63cbf1f,8882,deviant,6,media/animal_stim/whitened/002_left_2.gif,media/animal_stim/whitened/002_right_1.gif,1
615e411d1078586940f3fee9,2039,all_background,5,media/animal_stim/whitened/001_right_2.gif,media/animal_stim/whitened/001_left_1.gif,3
5fc452df39c5f23dd403a57e,1400,all_background,2,media/animal_stim/whitened/004_right_1.gif,media/animal_stim/whitened/004_right_2.gif,5
5ef55bd12b81b2000adbc771,1270,deviant,2,media/animal_stim/whitened/001_left_1.gif,media/animal_stim/whitened/001_left_2.gif,6
5cefbe6f1234ed0001970821,2096,deviant,6,media/animal_stim/whitened/002_right_2.gif,media/animal_stim/whitened/002_right_1.gif,5
5e083e0a35a7a5178670e03e,1722,all_background,5,media/animal_stim/whitened/001_left_1.gif,media/animal_stim/whitened/001_left_2.gif,4
613ad3239acd5465b71e04a5,11166,all_background,2,media/animal_stim/whitened/003_left_1.gif,media/animal_stim/whitened/003_right_2.gif,2
56cfd0ddd691bb000697baef,1941,all_background,6,media/animal_stim/whitened/004_right_1.gif,media/animal_stim/whitened/004_right_2.gif,6
6096ace01e65b3225e84d29f,6242,deviant,6,media/animal_stim/whitened/003_right_1.gif,media/animal_stim/whitened/003_left_2.gif,1
615e04283f4381cb55f9384a,1233,all_background,2,media/animal_stim/whitened/003_right_1.gif,media/animal_stim/whitened/003_left_2.gif,4
615e411d1078586940f3fee9,1568,all_background,2,media/animal_stim/whitened/006_right_1.gif,media/animal_stim/whitened/006_left_2.gif,4
5cefbe6f1234ed0001970821,2569,all_background,2,media/animal_stim/whitened/006_left_2.gif,media/animal_stim/whitened/006_left_1.gif,6
5bf5893f3a426e00019e42bc,1109,all_background,6,media/animal_stim/whitened/001_left_1.gif,media/animal_stim/whitened/001_left_2.gif,1
5fc452df39c5f23dd403a57e,2620,deviant,5,media/animal_stim/whitened/002_left_2.gif,media/animal_stim/whitened/002_left_1.gif,6
5e083e0a35a7a5178670e03e,751,all_background,6,media/animal_stim/whitened/003_left_1.gif,media/animal_stim/whitened/003_left_2.gif,5
5ec6a814c615390ad63cbf1f,6038,all_background,5,media/animal_stim/whitened/006_right_2.gif,media/animal_stim/whitened/006_right_1.gif,2
5730f0a7dd6617000ed945c9,830,all_background,5,media/animal_stim/whitened/003_right_2.gif,media/animal_stim/whitened/003_right_1.gif,1
6169abd4e006adba4739143e,7682,deviant,6,media/animal_stim/whitened/001_right_2.gif,media/animal_stim/whitened/001_right_1.gif,2
601857c3c3f5ce0c3e5fb913,2899,deviant,2,media/animal_stim/whitened/001_right_2.gif,media/animal_stim/whitened/001_left_1.gif,1
61593a6921f846c057296901,2045,deviant,5,media/animal_stim/whitened/006_left_2.gif,media/animal_stim/whitened/006_right_1.gif,6
615e04283f4381cb55f9384a,959,deviant,6,media/animal_stim/whitened/004_right_2.gif,media/animal_stim/whitened/004_left_1.gif,5
6096ace01e65b3225e84d29f,5338,all_background,6,media/animal_stim/whitened/002_left_1.gif,media/animal_stim/whitened/002_left_2.gif,2
5ec6a814c615390ad63cbf1f,4486,all_background,2,media/animal_stim/whitened/001_right_1.gif,media/animal_stim/whitened/001_left_2.gif,3
601857c3c3f5ce0c3e5fb913,1860,all_background,2,media/animal_stim/whitened/004_left_2.gif,media/animal_stim/whitened/004_left_1.gif,2
5e083e0a35a7a5178670e03e,3410,deviant,5,media/animal_stim/whitened/005_left_1.gif,media/animal_stim/whitened/005_left_2.gif,6
5cf9de227cb81800012766ef,832,all_background,2,media/animal_stim/whitened/001_right_2.gif,media/animal_stim/whitened/001_left_1.gif,2
6169abd4e006adba4739143e,3769,all_background,6,media/animal_stim/whitened/003_right_1.gif,media/animal_stim/whitened/003_right_2.gif,3
615e04283f4381cb55f9384a,2420,all_background,5,media/animal_stim/whitened/002_right_2.gif,media/animal_stim/whitened/002_right_1.gif,6
5730f0a7dd6617000ed945c9,842,all_background,6,media/animal_stim/whitened/006_left_2.gif,media/animal_stim/whitened/006_left_1.gif,2
5ec6a814c615390ad63cbf1f,5715,all_background,6,media/animal_stim/whitened/003_right_2.gif,media/animal_stim/whitened/003_left_1.gif,4
5730f0a7dd6617000ed945c9,3653,deviant,2,media/animal_stim/whitened/001_left_1.gif,media/animal_stim/whitened/001_right_2.gif,3
5cf9de227cb81800012766ef,479,all_background,6,media/animal_stim/whitened/002_right_1.gif,media/animal_stim/whitened/002_left_2.gif,3
5bf5893f3a426e00019e42bc,738,all_background,5,media/animal_stim/whitened/002_left_2.gif,media/animal_stim/whitened/002_right_1.gif,2
6169abd4e006adba4739143e,7107,all_background,5,media/animal_stim/whitened/005_right_1.gif,media/animal_stim/whitened/005_right_2.gif,4
60415858380a051122571d55,5931,all_background,6,media/animal_stim/whitened/005_right_1.gif,media/animal_stim/whitened/005_right_2.gif,1
5730f0a7dd6617000ed945c9,549,all_background,2,media/animal_stim/whitened/004_right_1.gif,media/animal_stim/whitened/004_left_2.gif,4
5ec6a814c615390ad63cbf1f,10679,deviant,2,media/animal_stim/whitened/004_right_2.gif,media/animal_stim/whitened/004_left_1.gif,5
6169abd4e006adba4739143e,5839,deviant,5,media/animal_stim/whitened/002_left_1.gif,media/animal_stim/whitened/002_left_2.gif,5
5bf5893f3a426e00019e42bc,10084,deviant,5,media/animal_stim/whitened/005_right_1.gif,media/animal_stim/whitened/005_left_2.gif,3
5730f0a7dd6617000ed945c9,1723,deviant,6,media/animal_stim/whitened/005_left_2.gif,media/animal_stim/whitened/005_left_1.gif,5
60415858380a051122571d55,5728,all_background,5,media/animal_stim/whitened/004_right_2.gif,media/animal_stim/whitened/004_left_1.gif,2
5ec6a814c615390ad63cbf1f,3055,deviant,5,media/animal_stim/whitened/005_left_2.gif,media/animal_stim/whitened/005_right_1.gif,6
5bf5893f3a426e00019e42bc,12027,deviant,2,media/animal_stim/whitened/004_left_1.gif,media/animal_stim/whitened/004_right_2.gif,4
5730f0a7dd6617000ed945c9,2703,deviant,5,media/animal_stim/whitened/002_left_1.gif,media/animal_stim/whitened/002_left_2.gif,6
60415858380a051122571d55,8018,all_background,2,media/animal_stim/whitened/006_left_2.gif,media/animal_stim/whitened/006_right_1.gif,3
60415858380a051122571d55,8483,deviant,5,media/animal_stim/whitened/002_right_1.gif,media/animal_stim/whitened/002_right_2.gif,4
5c9546a7ff13ec0019735f57,8579,all_background,6,media/animal_stim/whitened/003_right_2.gif,media/animal_stim/whitened/003_right_1.gif,1
60415858380a051122571d55,8491,deviant,6,media/animal_stim/whitened/003_left_1.gif,media/animal_stim/whitened/003_left_2.gif,5
6393dd9ff9e5c1cc22c57636,924,all_background,6,media/animal_stim/whitened/006_left_1.gif,media/animal_stim/whitened/006_right_2.gif,1
5c9546a7ff13ec0019735f57,2089,all_background,5,media/animal_stim/whitened/006_left_1.gif,media/animal_stim/whitened/006_left_2.gif,2
60415858380a051122571d55,5581,deviant,2,media/animal_stim/whitened/001_left_2.gif,media/animal_stim/whitened/001_right_1.gif,6
6393dd9ff9e5c1cc22c57636,362,all_background,5,media/animal_stim/whitened/003_left_2.gif,media/animal_stim/whitened/003_right_1.gif,2
5c9546a7ff13ec0019735f57,1366,deviant,6,media/animal_stim/whitened/001_right_1.gif,media/animal_stim/whitened/001_left_2.gif,3
60f408c8685211bbaf183509,4014,all_background,5,media/animal_stim/whitened/004_right_1.gif,media/animal_stim/whitened/004_left_2.gif,1
6393dd9ff9e5c1cc22c57636,254,all_background,2,media/animal_stim/whitened/002_right_2.gif,media/animal_stim/whitened/002_left_1.gif,3
5c9546a7ff13ec0019735f57,8715,deviant,2,media/animal_stim/whitened/002_left_2.gif,media/animal_stim/whitened/002_right_1.gif,4
60f408c8685211bbaf183509,7984,deviant,2,media/animal_stim/whitened/005_left_1.gif,media/animal_stim/whitened/005_left_2.gif,2
5c9546a7ff13ec0019735f57,7722,all_background,2,media/animal_stim/whitened/004_left_2.gif,media/animal_stim/whitened/004_left_1.gif,5
60f408c8685211bbaf183509,4681,all_background,2,media/animal_stim/whitened/001_left_2.gif,media/animal_stim/whitened/001_left_1.gif,3
6393dd9ff9e5c1cc22c57636,2542,deviant,2,media/animal_stim/whitened/005_left_2.gif,media/animal_stim/whitened/005_left_1.gif,4
60f408c8685211bbaf183509,4230,all_background,6,media/animal_stim/whitened/006_right_1.gif,media/animal_stim/whitened/006_left_2.gif,4
6393dd9ff9e5c1cc22c57636,4787,deviant,5,media/animal_stim/whitened/004_right_2.gif,media/animal_stim/whitened/004_left_1.gif,5
60f408c8685211bbaf183509,7633,deviant,6,media/animal_stim/whitened/002_right_1.gif,media/animal_stim/whitened/002_right_2.gif,5
6393dd9ff9e5c1cc22c57636,313,deviant,6,media/animal_stim/whitened/001_left_2.gif,media/animal_stim/whitened/001_left_1.gif,6
60f408c8685211bbaf183509,8940,deviant,5,media/animal_stim/whitened/003_right_2.gif,media/animal_stim/whitened/003_right_1.gif,6
5ea171c1a8782801263e7540,3859,deviant,5,media/animal_stim/whitened/004_right_1.gif,media/animal_stim/whitened/004_left_2.gif,1
5ea171c1a8782801263e7540,2811,all_background,2,media/animal_stim/whitened/006_right_2.gif,media/animal_stim/whitened/006_right_1.gif,2
60da8e97af0a0080c3151b97,7870,all_background,5,media/animal_stim/whitened/004_right_1.gif,media/animal_stim/whitened/004_left_2.gif,1
5ea171c1a8782801263e7540,3850,deviant,6,media/animal_stim/whitened/002_left_1.gif,media/animal_stim/whitened/002_right_2.gif,3
60da8e97af0a0080c3151b97,11183,deviant,2,media/animal_stim/whitened/005_left_1.gif,media/animal_stim/whitened/005_right_2.gif,2
60da8e97af0a0080c3151b97,894,all_background,2,media/animal_stim/whitened/003_right_1.gif,media/animal_stim/whitened/003_right_2.gif,3
60da8e97af0a0080c3151b97,9916,deviant,6,media/animal_stim/whitened/006_left_2.gif,media/animal_stim/whitened/006_right_1.gif,4
5ea171c1a8782801263e7540,1044,all_background,6,media/animal_stim/whitened/003_left_1.gif,media/animal_stim/whitened/003_left_2.gif,4
60da8e97af0a0080c3151b97,1844,all_background,6,media/animal_stim/whitened/001_right_1.gif,media/animal_stim/whitened/001_right_2.gif,5
61717173748006894b2b54ff,1256,deviant,6,media/animal_stim/whitened/004_left_1.gif,media/animal_stim/whitened/004_left_2.gif,1
61717173748006894b2b54ff,345,deviant,5,media/animal_stim/whitened/002_left_1.gif,media/animal_stim/whitened/002_left_2.gif,2
61717173748006894b2b54ff,1692,deviant,2,media/animal_stim/whitened/001_right_1.gif,media/animal_stim/whitened/001_left_2.gif,3
61717173748006894b2b54ff,6880,all_background,5,media/animal_stim/whitened/006_right_1.gif,media/animal_stim/whitened/006_right_2.gif,4
61717173748006894b2b54ff,1093,all_background,6,media/animal_stim/whitened/005_left_2.gif,media/animal_stim/whitened/005_left_1.gif,5
61717173748006894b2b54ff,2462,all_background,2,media/animal_stim/whitened/003_right_1.gif,media/animal_stim/whitened/003_right_2.gif,6
648b962b8fdb1fa686213ac1,1940,all_background,6,media/animal_stim/whitened/005_right_2.gif,media/animal_stim/whitened/005_right_1.gif,1
648b962b8fdb1fa686213ac1,2636,all_background,2,media/animal_stim/whitened/006_right_2.gif,media/animal_stim/whitened/006_right_1.gif,2
648b962b8fdb1fa686213ac1,1105,all_background,5,media/animal_stim/whitened/003_right_2.gif,media/animal_stim/whitened/003_right_1.gif,3
648b962b8fdb1fa686213ac1,5761,deviant,6,media/animal_stim/whitened/002_right_2.gif,media/animal_stim/whitened/002_left_1.gif,4
648b962b8fdb1fa686213ac1,3126,deviant,5,media/animal_stim/whitened/004_left_1.gif,media/animal_stim/whitened/004_left_2.gif,5
648b962b8fdb1fa686213ac1,1299,deviant,2,media/animal_stim/whitened/001_right_1.gif,media/animal_stim/whitened/001_right_2.gif,6
5bef31aa059b3200010715dc,3031,deviant,5,media/animal_stim/whitened/003_left_2.gif,media/animal_stim/whitened/003_left_1.gif,1
5bef31aa059b3200010715dc,2923,all_background,2,media/animal_stim/whitened/002_left_2.gif,media/animal_stim/whitened/002_left_1.gif,2
5edeea354d54cb1a825aa8f9,1072,all_background,5,media/animal_stim/whitened/001_left_2.gif,media/animal_stim/whitened/001_right_1.gif,1
5edeea354d54cb1a825aa8f9,1086,deviant,2,media/animal_stim/whitened/004_left_1.gif,media/animal_stim/whitened/004_left_2.gif,2
5bef31aa059b3200010715dc,1745,all_background,5,media/animal_stim/whitened/006_right_1.gif,media/animal_stim/whitened/006_right_2.gif,3
5edeea354d54cb1a825aa8f9,910,all_background,2,media/animal_stim/whitened/003_left_2.gif,media/animal_stim/whitened/003_right_1.gif,3
5edeea354d54cb1a825aa8f9,966,deviant,6,media/animal_stim/whitened/005_left_1.gif,media/animal_stim/whitened/005_left_2.gif,4
5bef31aa059b3200010715dc,1335,deviant,6,media/animal_stim/whitened/001_left_2.gif,media/animal_stim/whitened/001_left_1.gif,4
5bef31aa059b3200010715dc,3907,deviant,2,media/animal_stim/whitened/005_right_2.gif,media/animal_stim/whitened/005_right_1.gif,5
5edeea354d54cb1a825aa8f9,781,all_background,6,media/animal_stim/whitened/002_left_2.gif,media/animal_stim/whitened/002_left_1.gif,5
5edeea354d54cb1a825aa8f9,802,deviant,5,media/animal_stim/whitened/006_right_1.gif,media/animal_stim/whitened/006_right_2.gif,6
5bef31aa059b3200010715dc,1357,all_background,6,media/animal_stim/whitened/004_right_2.gif,media/animal_stim/whitened/004_right_1.gif,6
5c4b06903566570001309394,2642,all_background,5,media/animal_stim/whitened/001_right_1.gif,media/animal_stim/whitened/001_left_2.gif,1
5c4b06903566570001309394,2183,deviant,2,media/animal_stim/whitened/006_right_1.gif,media/animal_stim/whitened/006_left_2.gif,2
5c4b06903566570001309394,10313,deviant,6,media/animal_stim/whitened/005_left_2.gif,media/animal_stim/whitened/005_left_1.gif,3
5c4b06903566570001309394,1669,all_background,2,media/animal_stim/whitened/004_right_2.gif,media/animal_stim/whitened/004_left_1.gif,4
5c4b06903566570001309394,3007,all_background,6,media/animal_stim/whitened/002_right_2.gif,media/animal_stim/whitened/002_left_1.gif,5
5c4b06903566570001309394,6426,deviant,5,media/animal_stim/whitened/003_right_1.gif,media/animal_stim/whitened/003_right_2.gif,6
5ed8cf4782a6eb04ddf9962d,4830,deviant,2,media/animal_stim/whitened/004_right_1.gif,media/animal_stim/whitened/004_left_2.gif,1
5ed8cf4782a6eb04ddf9962d,1337,all_background,2,media/animal_stim/whitened/001_left_2.gif,media/animal_stim/whitened/001_right_1.gif,2
5ed8cf4782a6eb04ddf9962d,4798,deviant,5,media/animal_stim/whitened/005_right_2.gif,media/animal_stim/whitened/005_right_1.gif,3
5ed8cf4782a6eb04ddf9962d,2632,deviant,6,media/animal_stim/whitened/002_right_1.gif,media/animal_stim/whitened/002_right_2.gif,4
5ed8cf4782a6eb04ddf9962d,717,all_background,5,media/animal_stim/whitened/003_right_2.gif,media/animal_stim/whitened/003_right_1.gif,5
5ed8cf4782a6eb04ddf9962d,452,all_background,6,media/animal_stim/whitened/006_left_2.gif,media/animal_stim/whitened/006_left_1.gif,6
